Date,Chip (px),Resolution (px),Prefilter,Subpixel,Software,Vx,Vy,OIE-x,OIE-y,slope_max-normal-E,slope_min-shear-E,E_ratio
Sen2-20180304-20180314,48,12,Gau,16-node oversampling,CARST,/home/jovyan/Projects/PX_comparison/PX/CARST/20180304_20180314_Sen2-T07VFH_chip48_skip12_Gau/20180304-20180314_velo-raw_vx.tif,/home/jovyan/Projects/PX_comparison/PX/CARST/20180304_20180314_Sen2-T07VFH_chip48_skip12_Gau/20180304-20180314_velo-raw_vy.tif,0.50390625,0.546875,0.07121240778955427,0.1476625221583858,0.4822646041029315
Sen2-20180304-20180314,48,12,NAOF,16-node oversampling,CARST,/home/jovyan/Projects/PX_comparison/PX/CARST/20180304_20180314_Sen2-T07VFH_chip48_skip12_NAOF/20180304-20180314_velo-raw_vx.tif,/home/jovyan/Projects/PX_comparison/PX/CARST/20180304_20180314_Sen2-T07VFH_chip48_skip12_NAOF/20180304-20180314_velo-raw_vy.tif,0.421875,0.4296875,0.057825730765264476,0.10187571345771824,0.5676105599914552
Sen2-20180304-20180314,48,12,None,16-node oversampling,CARST,/home/jovyan/Projects/PX_comparison/PX/CARST/20180304_20180314_Sen2-T07VFH_chip48_skip12_None/20180304-20180314_velo-raw_vx.tif,/home/jovyan/Projects/PX_comparison/PX/CARST/20180304_20180314_Sen2-T07VFH_chip48_skip12_None/20180304-20180314_velo-raw_vy.tif,2.3671875,2.390625,0.08011465048394165,0.1586928351360657,0.5048410056777303
Sen2-20180304-20180314,48,1,Gau,16-node oversampling,CARST,/home/jovyan/Projects/PX_comparison/PX/CARST/20180304_20180314_Sen2-T07VFH_chip48_skip1_Gau/20180304-20180314_velo-raw_vx.tif,/home/jovyan/Projects/PX_comparison/PX/CARST/20180304_20180314_Sen2-T07VFH_chip48_skip1_Gau/20180304-20180314_velo-raw_vy.tif,0.5625,0.546875,0.06251839827098954,0.12021969630375705,0.5200345716481047
Sen2-20180304-20180314,48,1,NAOF,16-node oversampling,CARST,/home/jovyan/Projects/PX_comparison/PX/CARST/20180304_20180314_Sen2-T07VFH_chip48_skip1_NAOF/20180304-20180314_velo-raw_vx.tif,/home/jovyan/Projects/PX_comparison/PX/CARST/20180304_20180314_Sen2-T07VFH_chip48_skip1_NAOF/20180304-20180314_velo-raw_vy.tif,0.421875,0.453125,0.03541088154443304,0.0732625344368767,0.48334229516647687
Sen2-20180304-20180314,48,1,None,16-node oversampling,CARST,/home/jovyan/Projects/PX_comparison/PX/CARST/20180304_20180314_Sen2-T07VFH_chip48_skip1_None/20180304-20180314_velo-raw_vx.tif,/home/jovyan/Projects/PX_comparison/PX/CARST/20180304_20180314_Sen2-T07VFH_chip48_skip1_None/20180304-20180314_velo-raw_vy.tif,2.453125,2.40625,0.08627514722518284,0.15771098844453674,0.5470458848561702
Sen2-20180304-20180314,48,4,Gau,16-node oversampling,CARST,/home/jovyan/Projects/PX_comparison/PX/CARST/20180304_20180314_Sen2-T07VFH_chip48_skip4_Gau/20180304-20180314_velo-raw_vx.tif,/home/jovyan/Projects/PX_comparison/PX/CARST/20180304_20180314_Sen2-T07VFH_chip48_skip4_Gau/20180304-20180314_velo-raw_vy.tif,0.59375,0.53125,0.05651171383606039,0.11926603365132446,0.47382907023866494
Sen2-20180304-20180314,48,4,NAOF,16-node oversampling,CARST,/home/jovyan/Projects/PX_comparison/PX/CARST/20180304_20180314_Sen2-T07VFH_chip48_skip4_NAOF/20180304-20180314_velo-raw_vx.tif,/home/jovyan/Projects/PX_comparison/PX/CARST/20180304_20180314_Sen2-T07VFH_chip48_skip4_NAOF/20180304-20180314_velo-raw_vy.tif,0.328125,0.40625,0.0378874882431141,0.07214452302357807,0.5251609776494304
Sen2-20180304-20180314,48,4,None,16-node oversampling,CARST,/home/jovyan/Projects/PX_comparison/PX/CARST/20180304_20180314_Sen2-T07VFH_chip48_skip4_None/20180304-20180314_velo-raw_vx.tif,/home/jovyan/Projects/PX_comparison/PX/CARST/20180304_20180314_Sen2-T07VFH_chip48_skip4_None/20180304-20180314_velo-raw_vy.tif,2.421875,2.390625,0.07713874334679437,0.1516108982693283,0.5087941845035552
Sen2-20180304-20180314,64,12,Gau,16-node oversampling,CARST,/home/jovyan/Projects/PX_comparison/PX/CARST/20180304_20180314_Sen2-T07VFH_chip64_skip12_Gau/20180304-20180314_velo-raw_vx.tif,/home/jovyan/Projects/PX_comparison/PX/CARST/20180304_20180314_Sen2-T07VFH_chip64_skip12_Gau/20180304-20180314_velo-raw_vy.tif,0.41015625,0.40625,0.07039591869091952,0.1817939052702695,0.3872292560427879
Sen2-20180304-20180314,64,12,NAOF,16-node oversampling,CARST,/home/jovyan/Projects/PX_comparison/PX/CARST/20180304_20180314_Sen2-T07VFH_chip64_skip12_NAOF/20180304-20180314_velo-raw_vx.tif,/home/jovyan/Projects/PX_comparison/PX/CARST/20180304_20180314_Sen2-T07VFH_chip64_skip12_NAOF/20180304-20180314_velo-raw_vy.tif,0.25,0.296875,0.059626402270676636,0.11021016198560629,0.5410245407176154
Sen2-20180304-20180314,64,12,None,16-node oversampling,CARST,/home/jovyan/Projects/PX_comparison/PX/CARST/20180304_20180314_Sen2-T07VFH_chip64_skip12_None/20180304-20180314_velo-raw_vx.tif,/home/jovyan/Projects/PX_comparison/PX/CARST/20180304_20180314_Sen2-T07VFH_chip64_skip12_None/20180304-20180314_velo-raw_vy.tif,0.70703125,0.71875,0.09258357251172047,0.21686912978355444,0.42690987234616207
Sen2-20180304-20180314,64,1,Gau,16-node oversampling,CARST,/home/jovyan/Projects/PX_comparison/PX/CARST/20180304_20180314_Sen2-T07VFH_chip64_skip1_Gau/20180304-20180314_velo-raw_vx.tif,/home/jovyan/Projects/PX_comparison/PX/CARST/20180304_20180314_Sen2-T07VFH_chip64_skip1_Gau/20180304-20180314_velo-raw_vy.tif,0.46875,0.5,0.06124274460509347,0.12160119930270094,0.5036360246138887
Sen2-20180304-20180314,64,1,NAOF,16-node oversampling,CARST,/home/jovyan/Projects/PX_comparison/PX/CARST/20180304_20180314_Sen2-T07VFH_chip64_skip1_NAOF/20180304-20180314_velo-raw_vx.tif,/home/jovyan/Projects/PX_comparison/PX/CARST/20180304_20180314_Sen2-T07VFH_chip64_skip1_NAOF/20180304-20180314_velo-raw_vy.tif,0.265625,0.328125,0.03811432801593559,0.07646724188385558,0.4984399473153041
Sen2-20180304-20180314,64,1,None,16-node oversampling,CARST,/home/jovyan/Projects/PX_comparison/PX/CARST/20180304_20180314_Sen2-T07VFH_chip64_skip1_None/20180304-20180314_velo-raw_vx.tif,/home/jovyan/Projects/PX_comparison/PX/CARST/20180304_20180314_Sen2-T07VFH_chip64_skip1_None/20180304-20180314_velo-raw_vy.tif,0.8125,0.84375,0.09193267191312475,0.17347397331489997,0.5299508056245605
Sen2-20180304-20180314,64,4,Gau,16-node oversampling,CARST,/home/jovyan/Projects/PX_comparison/PX/CARST/20180304_20180314_Sen2-T07VFH_chip64_skip4_Gau/20180304-20180314_velo-raw_vx.tif,/home/jovyan/Projects/PX_comparison/PX/CARST/20180304_20180314_Sen2-T07VFH_chip64_skip4_Gau/20180304-20180314_velo-raw_vy.tif,0.453125,0.46875,0.0555819873910677,0.12708217238986372,0.43737045366641064
Sen2-20180304-20180314,64,4,NAOF,16-node oversampling,CARST,/home/jovyan/Projects/PX_comparison/PX/CARST/20180304_20180314_Sen2-T07VFH_chip64_skip4_NAOF/20180304-20180314_velo-raw_vx.tif,/home/jovyan/Projects/PX_comparison/PX/CARST/20180304_20180314_Sen2-T07VFH_chip64_skip4_NAOF/20180304-20180314_velo-raw_vy.tif,0.234375,0.3125,0.039959445270222806,0.07251158618547687,0.5510766950816773
Sen2-20180304-20180314,64,4,None,16-node oversampling,CARST,/home/jovyan/Projects/PX_comparison/PX/CARST/20180304_20180314_Sen2-T07VFH_chip64_skip4_None/20180304-20180314_velo-raw_vx.tif,/home/jovyan/Projects/PX_comparison/PX/CARST/20180304_20180314_Sen2-T07VFH_chip64_skip4_None/20180304-20180314_velo-raw_vy.tif,0.75,0.796875,0.08404745521485694,0.1779478848653773,0.472314999857634
LS8-20180304-20180405,32,1,Gau,16-node oversampling,CARST,/home/jovyan/Projects/PX_comparison/PX/CARST/20180304_20180405_LS8-061018_chip32_skip1_Gau/20180304-20180405_velo-raw_vx.tif,/home/jovyan/Projects/PX_comparison/PX/CARST/20180304_20180405_LS8-061018_chip32_skip1_Gau/20180304-20180405_velo-raw_vy.tif,0.4541015625,0.4541015625,0.11428480018455679,0.21534294038947357,0.5307106886246608
LS8-20180304-20180405,32,1,NAOF,16-node oversampling,CARST,/home/jovyan/Projects/PX_comparison/PX/CARST/20180304_20180405_LS8-061018_chip32_skip1_NAOF/20180304-20180405_velo-raw_vx.tif,/home/jovyan/Projects/PX_comparison/PX/CARST/20180304_20180405_LS8-061018_chip32_skip1_NAOF/20180304-20180405_velo-raw_vy.tif,0.46142578125,0.44677734375,0.08572279062536128,0.16624660738860816,0.5156363307010579
LS8-20180304-20180405,32,1,None,16-node oversampling,CARST,/home/jovyan/Projects/PX_comparison/PX/CARST/20180304_20180405_LS8-061018_chip32_skip1_None/20180304-20180405_velo-raw_vx.tif,/home/jovyan/Projects/PX_comparison/PX/CARST/20180304_20180405_LS8-061018_chip32_skip1_None/20180304-20180405_velo-raw_vy.tif,0.6591796875,0.615234375,0.14970178366613562,0.3003769807585365,0.49837968038728014
LS8-20180304-20180405,32,4,Gau,16-node oversampling,CARST,/home/jovyan/Projects/PX_comparison/PX/CARST/20180304_20180405_LS8-061018_chip32_skip4_Gau/20180304-20180405_velo-raw_vx.tif,/home/jovyan/Projects/PX_comparison/PX/CARST/20180304_20180405_LS8-061018_chip32_skip4_Gau/20180304-20180405_velo-raw_vy.tif,0.399169921875,0.40283203125,0.1290188336120423,0.24251931090010317,0.5319940632075556
LS8-20180304-20180405,32,4,NAOF,16-node oversampling,CARST,/home/jovyan/Projects/PX_comparison/PX/CARST/20180304_20180405_LS8-061018_chip32_skip4_NAOF/20180304-20180405_velo-raw_vx.tif,/home/jovyan/Projects/PX_comparison/PX/CARST/20180304_20180405_LS8-061018_chip32_skip4_NAOF/20180304-20180405_velo-raw_vy.tif,0.369873046875,0.380859375,0.09940241617926243,0.16924561853791614,0.5873263783014464
LS8-20180304-20180405,32,4,None,16-node oversampling,CARST,/home/jovyan/Projects/PX_comparison/PX/CARST/20180304_20180405_LS8-061018_chip32_skip4_None/20180304-20180405_velo-raw_vx.tif,/home/jovyan/Projects/PX_comparison/PX/CARST/20180304_20180405_LS8-061018_chip32_skip4_None/20180304-20180405_velo-raw_vy.tif,0.633544921875,0.556640625,0.18232831000106703,0.3473169504889505,0.5249623139451917
LS8-20180304-20180405,32,8,Gau,16-node oversampling,CARST,/home/jovyan/Projects/PX_comparison/PX/CARST/20180304_20180405_LS8-061018_chip32_skip8_Gau/20180304-20180405_velo-raw_vx.tif,/home/jovyan/Projects/PX_comparison/PX/CARST/20180304_20180405_LS8-061018_chip32_skip8_Gau/20180304-20180405_velo-raw_vy.tif,0.3826904296875,0.380859375,0.15127849688609538,0.2910481936744259,0.5197712962112365
LS8-20180304-20180405,32,8,NAOF,16-node oversampling,CARST,/home/jovyan/Projects/PX_comparison/PX/CARST/20180304_20180405_LS8-061018_chip32_skip8_NAOF/20180304-20180405_velo-raw_vx.tif,/home/jovyan/Projects/PX_comparison/PX/CARST/20180304_20180405_LS8-061018_chip32_skip8_NAOF/20180304-20180405_velo-raw_vy.tif,0.3826904296875,0.37353515625,0.12334093741560007,0.2051300743902091,0.601281590630999
LS8-20180304-20180405,32,8,None,16-node oversampling,CARST,/home/jovyan/Projects/PX_comparison/PX/CARST/20180304_20180405_LS8-061018_chip32_skip8_None/20180304-20180405_velo-raw_vx.tif,/home/jovyan/Projects/PX_comparison/PX/CARST/20180304_20180405_LS8-061018_chip32_skip8_None/20180304-20180405_velo-raw_vy.tif,0.59326171875,0.5419921875,0.19994801556916408,0.38366607181413137,0.5211511526774505
LS8-20180304-20180405,64,1,Gau,16-node oversampling,CARST,/home/jovyan/Projects/PX_comparison/PX/CARST/20180304_20180405_LS8-061018_chip64_skip1_Gau/20180304-20180405_velo-raw_vx.tif,/home/jovyan/Projects/PX_comparison/PX/CARST/20180304_20180405_LS8-061018_chip64_skip1_Gau/20180304-20180405_velo-raw_vy.tif,0.21240234375,0.263671875,0.12124790502312753,0.2533657225103633,0.47854896795744806
LS8-20180304-20180405,64,1,NAOF,16-node oversampling,CARST,/home/jovyan/Projects/PX_comparison/PX/CARST/20180304_20180405_LS8-061018_chip64_skip1_NAOF/20180304-20180405_velo-raw_vx.tif,/home/jovyan/Projects/PX_comparison/PX/CARST/20180304_20180405_LS8-061018_chip64_skip1_NAOF/20180304-20180405_velo-raw_vy.tif,0.087890625,0.1025390625,0.08861502900992073,0.17108274401415605,0.5179659089556594
LS8-20180304-20180405,64,1,None,16-node oversampling,CARST,/home/jovyan/Projects/PX_comparison/PX/CARST/20180304_20180405_LS8-061018_chip64_skip1_None/20180304-20180405_velo-raw_vx.tif,/home/jovyan/Projects/PX_comparison/PX/CARST/20180304_20180405_LS8-061018_chip64_skip1_None/20180304-20180405_velo-raw_vy.tif,0.4833984375,0.46875,0.17103994200483177,0.3579753469270635,0.4777981039003803
LS8-20180304-20180405,64,4,Gau,16-node oversampling,CARST,/home/jovyan/Projects/PX_comparison/PX/CARST/20180304_20180405_LS8-061018_chip64_skip4_Gau/20180304-20180405_velo-raw_vx.tif,/home/jovyan/Projects/PX_comparison/PX/CARST/20180304_20180405_LS8-061018_chip64_skip4_Gau/20180304-20180405_velo-raw_vy.tif,0.2490234375,0.2197265625,0.12748967548678847,0.3063421601881824,0.41616758009564553
LS8-20180304-20180405,64,4,NAOF,16-node oversampling,CARST,/home/jovyan/Projects/PX_comparison/PX/CARST/20180304_20180405_LS8-061018_chip64_skip4_NAOF/20180304-20180405_velo-raw_vx.tif,/home/jovyan/Projects/PX_comparison/PX/CARST/20180304_20180405_LS8-061018_chip64_skip4_NAOF/20180304-20180405_velo-raw_vy.tif,0.087890625,0.1025390625,0.09706288909139574,0.18397026047114462,0.5276009766079549
LS8-20180304-20180405,64,4,None,16-node oversampling,CARST,/home/jovyan/Projects/PX_comparison/PX/CARST/20180304_20180405_LS8-061018_chip64_skip4_None/20180304-20180405_velo-raw_vx.tif,/home/jovyan/Projects/PX_comparison/PX/CARST/20180304_20180405_LS8-061018_chip64_skip4_None/20180304-20180405_velo-raw_vy.tif,0.4541015625,0.384521484375,0.1849431573124282,0.3842241233484408,0.48134186812812124
LS8-20180304-20180405,64,8,Gau,16-node oversampling,CARST,/home/jovyan/Projects/PX_comparison/PX/CARST/20180304_20180405_LS8-061018_chip64_skip8_Gau/20180304-20180405_velo-raw_vx.tif,/home/jovyan/Projects/PX_comparison/PX/CARST/20180304_20180405_LS8-061018_chip64_skip8_Gau/20180304-20180405_velo-raw_vy.tif,0.2197265625,0.2508544921875,0.1671122473500044,0.3780773939907139,0.4420053936208334
LS8-20180304-20180405,64,8,NAOF,16-node oversampling,CARST,/home/jovyan/Projects/PX_comparison/PX/CARST/20180304_20180405_LS8-061018_chip64_skip8_NAOF/20180304-20180405_velo-raw_vx.tif,/home/jovyan/Projects/PX_comparison/PX/CARST/20180304_20180405_LS8-061018_chip64_skip8_NAOF/20180304-20180405_velo-raw_vy.tif,0.087890625,0.087890625,0.12427024036839324,0.22383285518383908,0.5551921332832359
LS8-20180304-20180405,64,8,None,16-node oversampling,CARST,/home/jovyan/Projects/PX_comparison/PX/CARST/20180304_20180405_LS8-061018_chip64_skip8_None/20180304-20180405_velo-raw_vx.tif,/home/jovyan/Projects/PX_comparison/PX/CARST/20180304_20180405_LS8-061018_chip64_skip8_None/20180304-20180405_velo-raw_vy.tif,0.439453125,0.3900146484375,0.2085160851234522,0.4308104984818631,0.48400882953930763
Sen2-20180508-20180627,48,12,Gau,16-node oversampling,CARST,/home/jovyan/Projects/PX_comparison/PX/CARST/20180508_20180627_Sen2-T07VFH_chip48_skip12_Gau/20180508-20180627_velo-raw_vx.tif,/home/jovyan/Projects/PX_comparison/PX/CARST/20180508_20180627_Sen2-T07VFH_chip48_skip12_Gau/20180508-20180627_velo-raw_vy.tif,1.2843749523162842,0.9500000476837158,0.2829158513687927,0.5778354038136626,0.48961321771143324
Sen2-20180508-20180627,48,12,NAOF,16-node oversampling,CARST,/home/jovyan/Projects/PX_comparison/PX/CARST/20180508_20180627_Sen2-T07VFH_chip48_skip12_NAOF/20180508-20180627_velo-raw_vx.tif,/home/jovyan/Projects/PX_comparison/PX/CARST/20180508_20180627_Sen2-T07VFH_chip48_skip12_NAOF/20180508-20180627_velo-raw_vy.tif,1.4343750476837158,1.485937476158142,0.20399958735854326,0.3432333081517551,0.594346709697382
Sen2-20180508-20180627,48,12,None,16-node oversampling,CARST,/home/jovyan/Projects/PX_comparison/PX/CARST/20180508_20180627_Sen2-T07VFH_chip48_skip12_None/20180508-20180627_velo-raw_vx.tif,/home/jovyan/Projects/PX_comparison/PX/CARST/20180508_20180627_Sen2-T07VFH_chip48_skip12_None/20180508-20180627_velo-raw_vy.tif,0.4937499761581421,0.7085937261581421,0.36111672006469375,0.7406562761425971,0.48756316755380963
Sen2-20180508-20180627,48,1,Gau,16-node oversampling,CARST,/home/jovyan/Projects/PX_comparison/PX/CARST/20180508_20180627_Sen2-T07VFH_chip48_skip1_Gau/20180508-20180627_velo-raw_vx.tif,/home/jovyan/Projects/PX_comparison/PX/CARST/20180508_20180627_Sen2-T07VFH_chip48_skip1_Gau/20180508-20180627_velo-raw_vy.tif,1.631250023841858,1.4718749523162842,0.23353709776045495,0.4735693301031853,0.4931423614564945
Sen2-20180508-20180627,48,1,NAOF,16-node oversampling,CARST,/home/jovyan/Projects/PX_comparison/PX/CARST/20180508_20180627_Sen2-T07VFH_chip48_skip1_NAOF/20180508-20180627_velo-raw_vx.tif,/home/jovyan/Projects/PX_comparison/PX/CARST/20180508_20180627_Sen2-T07VFH_chip48_skip1_NAOF/20180508-20180627_velo-raw_vy.tif,1.7312500476837158,1.884374976158142,0.2172405454351862,0.39396190706900863,0.5514252559375825
Sen2-20180508-20180627,48,1,None,16-node oversampling,CARST,/home/jovyan/Projects/PX_comparison/PX/CARST/20180508_20180627_Sen2-T07VFH_chip48_skip1_None/20180508-20180627_velo-raw_vx.tif,/home/jovyan/Projects/PX_comparison/PX/CARST/20180508_20180627_Sen2-T07VFH_chip48_skip1_None/20180508-20180627_velo-raw_vy.tif,0.6468750238418579,0.8187500238418579,0.28795558388431314,0.5830708581043929,0.4938603599920572
Sen2-20180508-20180627,48,4,Gau,16-node oversampling,CARST,/home/jovyan/Projects/PX_comparison/PX/CARST/20180508_20180627_Sen2-T07VFH_chip48_skip4_Gau/20180508-20180627_velo-raw_vx.tif,/home/jovyan/Projects/PX_comparison/PX/CARST/20180508_20180627_Sen2-T07VFH_chip48_skip4_Gau/20180508-20180627_velo-raw_vy.tif,1.3656249046325684,1.28125,0.24157129078183828,0.4789532723441935,0.5043734007693265
Sen2-20180508-20180627,48,4,NAOF,16-node oversampling,CARST,/home/jovyan/Projects/PX_comparison/PX/CARST/20180508_20180627_Sen2-T07VFH_chip48_skip4_NAOF/20180508-20180627_velo-raw_vx.tif,/home/jovyan/Projects/PX_comparison/PX/CARST/20180508_20180627_Sen2-T07VFH_chip48_skip4_NAOF/20180508-20180627_velo-raw_vy.tif,1.6843750476837158,1.7312500476837158,0.19229639609222307,0.3491628752806273,0.5507355154458264
Sen2-20180508-20180627,48,4,None,16-node oversampling,CARST,/home/jovyan/Projects/PX_comparison/PX/CARST/20180508_20180627_Sen2-T07VFH_chip48_skip4_None/20180508-20180627_velo-raw_vx.tif,/home/jovyan/Projects/PX_comparison/PX/CARST/20180508_20180627_Sen2-T07VFH_chip48_skip4_None/20180508-20180627_velo-raw_vy.tif,0.703125,0.7562500238418579,0.325578577475233,0.627751316934128,0.51864260367517
Sen2-20180508-20180627,64,12,Gau,16-node oversampling,CARST,/home/jovyan/Projects/PX_comparison/PX/CARST/20180508_20180627_Sen2-T07VFH_chip64_skip12_Gau/20180508-20180627_velo-raw_vx.tif,/home/jovyan/Projects/PX_comparison/PX/CARST/20180508_20180627_Sen2-T07VFH_chip64_skip12_Gau/20180508-20180627_velo-raw_vy.tif,0.6117187738418579,0.7265625,0.2755530542056912,0.5720124265964768,0.4817256433487916
Sen2-20180508-20180627,64,12,NAOF,16-node oversampling,CARST,/home/jovyan/Projects/PX_comparison/PX/CARST/20180508_20180627_Sen2-T07VFH_chip64_skip12_NAOF/20180508-20180627_velo-raw_vx.tif,/home/jovyan/Projects/PX_comparison/PX/CARST/20180508_20180627_Sen2-T07VFH_chip64_skip12_NAOF/20180508-20180627_velo-raw_vy.tif,0.721875011920929,0.703125,0.2103050242269717,0.3671049964034162,0.5728743173951926
Sen2-20180508-20180627,64,12,None,16-node oversampling,CARST,/home/jovyan/Projects/PX_comparison/PX/CARST/20180508_20180627_Sen2-T07VFH_chip64_skip12_None/20180508-20180627_velo-raw_vx.tif,/home/jovyan/Projects/PX_comparison/PX/CARST/20180508_20180627_Sen2-T07VFH_chip64_skip12_None/20180508-20180627_velo-raw_vy.tif,0.3359375,0.535937488079071,0.4022723002178452,0.8590055615882808,0.46829999502454134
Sen2-20180508-20180627,64,1,Gau,16-node oversampling,CARST,/home/jovyan/Projects/PX_comparison/PX/CARST/20180508_20180627_Sen2-T07VFH_chip64_skip1_Gau/20180508-20180627_velo-raw_vx.tif,/home/jovyan/Projects/PX_comparison/PX/CARST/20180508_20180627_Sen2-T07VFH_chip64_skip1_Gau/20180508-20180627_velo-raw_vy.tif,1.515625,1.3624999523162842,0.2367950686503365,0.49289492413541663,0.4804169348379819
Sen2-20180508-20180627,64,1,NAOF,16-node oversampling,CARST,/home/jovyan/Projects/PX_comparison/PX/CARST/20180508_20180627_Sen2-T07VFH_chip64_skip1_NAOF/20180508-20180627_velo-raw_vx.tif,/home/jovyan/Projects/PX_comparison/PX/CARST/20180508_20180627_Sen2-T07VFH_chip64_skip1_NAOF/20180508-20180627_velo-raw_vy.tif,0.909375011920929,0.8062499761581421,0.218265856755187,0.4089939462894637,0.533665250391531
Sen2-20180508-20180627,64,1,None,16-node oversampling,CARST,/home/jovyan/Projects/PX_comparison/PX/CARST/20180508_20180627_Sen2-T07VFH_chip64_skip1_None/20180508-20180627_velo-raw_vx.tif,/home/jovyan/Projects/PX_comparison/PX/CARST/20180508_20180627_Sen2-T07VFH_chip64_skip1_None/20180508-20180627_velo-raw_vy.tif,0.36250001192092896,0.6656249761581421,0.30266425852169293,0.6073928348688136,0.4983006732159809
Sen2-20180508-20180627,64,4,Gau,16-node oversampling,CARST,/home/jovyan/Projects/PX_comparison/PX/CARST/20180508_20180627_Sen2-T07VFH_chip64_skip4_Gau/20180508-20180627_velo-raw_vx.tif,/home/jovyan/Projects/PX_comparison/PX/CARST/20180508_20180627_Sen2-T07VFH_chip64_skip4_Gau/20180508-20180627_velo-raw_vy.tif,1.068750023841858,0.8031249642372131,0.24506955893730387,0.49875010147169146,0.49136743674670463
Sen2-20180508-20180627,64,4,NAOF,16-node oversampling,CARST,/home/jovyan/Projects/PX_comparison/PX/CARST/20180508_20180627_Sen2-T07VFH_chip64_skip4_NAOF/20180508-20180627_velo-raw_vx.tif,/home/jovyan/Projects/PX_comparison/PX/CARST/20180508_20180627_Sen2-T07VFH_chip64_skip4_NAOF/20180508-20180627_velo-raw_vy.tif,0.5843750238418579,0.731249988079071,0.2022659416935915,0.3609582844862169,0.5603582197358181
Sen2-20180508-20180627,64,4,None,16-node oversampling,CARST,/home/jovyan/Projects/PX_comparison/PX/CARST/20180508_20180627_Sen2-T07VFH_chip64_skip4_None/20180508-20180627_velo-raw_vx.tif,/home/jovyan/Projects/PX_comparison/PX/CARST/20180508_20180627_Sen2-T07VFH_chip64_skip4_None/20180508-20180627_velo-raw_vy.tif,0.328125,0.6656249761581421,0.33806751181031386,0.6774011198981853,0.4990654752107969
LS8-20180802-20180818,32,1,Gau,16-node oversampling,CARST,/home/jovyan/Projects/PX_comparison/PX/CARST/20180802_20180818_LS8-062017_chip32_skip1_Gau/20180802-20180818_velo-raw_vx.tif,/home/jovyan/Projects/PX_comparison/PX/CARST/20180802_20180818_LS8-062017_chip32_skip1_Gau/20180802-20180818_velo-raw_vy.tif,0.29296875,0.3369140625,0.052975391236509024,0.09743626513296255,0.5436927530444465
LS8-20180802-20180818,32,1,NAOF,16-node oversampling,CARST,/home/jovyan/Projects/PX_comparison/PX/CARST/20180802_20180818_LS8-062017_chip32_skip1_NAOF/20180802-20180818_velo-raw_vx.tif,/home/jovyan/Projects/PX_comparison/PX/CARST/20180802_20180818_LS8-062017_chip32_skip1_NAOF/20180802-20180818_velo-raw_vy.tif,0.2197265625,0.5419921875,0.03632251373896356,0.0741644067161415,0.48975668177303916
LS8-20180802-20180818,32,1,None,16-node oversampling,CARST,/home/jovyan/Projects/PX_comparison/PX/CARST/20180802_20180818_LS8-062017_chip32_skip1_None/20180802-20180818_velo-raw_vx.tif,/home/jovyan/Projects/PX_comparison/PX/CARST/20180802_20180818_LS8-062017_chip32_skip1_None/20180802-20180818_velo-raw_vy.tif,0.3955078125,0.4248046875,0.08468786836314918,0.15875025815321855,0.5334660198247507
LS8-20180802-20180818,32,4,Gau,16-node oversampling,CARST,/home/jovyan/Projects/PX_comparison/PX/CARST/20180802_20180818_LS8-062017_chip32_skip4_Gau/20180802-20180818_velo-raw_vx.tif,/home/jovyan/Projects/PX_comparison/PX/CARST/20180802_20180818_LS8-062017_chip32_skip4_Gau/20180802-20180818_velo-raw_vy.tif,0.29296875,0.3076171875,0.05660411668105885,0.10580757882437497,0.5349722327075772
LS8-20180802-20180818,32,4,NAOF,16-node oversampling,CARST,/home/jovyan/Projects/PX_comparison/PX/CARST/20180802_20180818_LS8-062017_chip32_skip4_NAOF/20180802-20180818_velo-raw_vx.tif,/home/jovyan/Projects/PX_comparison/PX/CARST/20180802_20180818_LS8-062017_chip32_skip4_NAOF/20180802-20180818_velo-raw_vy.tif,0.16845703125,0.1611328125,0.044186343479976,0.07521406603289425,0.5874744686805187
LS8-20180802-20180818,32,4,None,16-node oversampling,CARST,/home/jovyan/Projects/PX_comparison/PX/CARST/20180802_20180818_LS8-062017_chip32_skip4_None/20180802-20180818_velo-raw_vx.tif,/home/jovyan/Projects/PX_comparison/PX/CARST/20180802_20180818_LS8-062017_chip32_skip4_None/20180802-20180818_velo-raw_vy.tif,0.3369140625,0.380859375,0.08104939062759844,0.16353147136252952,0.49561952786397756
LS8-20180802-20180818,32,8,Gau,16-node oversampling,CARST,/home/jovyan/Projects/PX_comparison/PX/CARST/20180802_20180818_LS8-062017_chip32_skip8_Gau/20180802-20180818_velo-raw_vx.tif,/home/jovyan/Projects/PX_comparison/PX/CARST/20180802_20180818_LS8-062017_chip32_skip8_Gau/20180802-20180818_velo-raw_vy.tif,0.263671875,0.296630859375,0.07128585666993421,0.15243705293842166,0.46764126763019215
LS8-20180802-20180818,32,8,NAOF,16-node oversampling,CARST,/home/jovyan/Projects/PX_comparison/PX/CARST/20180802_20180818_LS8-062017_chip32_skip8_NAOF/20180802-20180818_velo-raw_vx.tif,/home/jovyan/Projects/PX_comparison/PX/CARST/20180802_20180818_LS8-062017_chip32_skip8_NAOF/20180802-20180818_velo-raw_vy.tif,0.223388671875,0.252685546875,0.05528982285444084,0.09473901466232162,0.5836014133301937
LS8-20180802-20180818,32,8,None,16-node oversampling,CARST,/home/jovyan/Projects/PX_comparison/PX/CARST/20180802_20180818_LS8-062017_chip32_skip8_None/20180802-20180818_velo-raw_vx.tif,/home/jovyan/Projects/PX_comparison/PX/CARST/20180802_20180818_LS8-062017_chip32_skip8_None/20180802-20180818_velo-raw_vy.tif,0.347900390625,0.369873046875,0.1216131299687707,0.24625511640420183,0.4938501654079567
LS8-20180802-20180818,64,1,Gau,16-node oversampling,CARST,/home/jovyan/Projects/PX_comparison/PX/CARST/20180802_20180818_LS8-062017_chip64_skip1_Gau/20180802-20180818_velo-raw_vx.tif,/home/jovyan/Projects/PX_comparison/PX/CARST/20180802_20180818_LS8-062017_chip64_skip1_Gau/20180802-20180818_velo-raw_vy.tif,0.1171875,0.1025390625,0.0542441935709344,0.1016882087641228,0.533436415393646
LS8-20180802-20180818,64,1,NAOF,16-node oversampling,CARST,/home/jovyan/Projects/PX_comparison/PX/CARST/20180802_20180818_LS8-062017_chip64_skip1_NAOF/20180802-20180818_velo-raw_vx.tif,/home/jovyan/Projects/PX_comparison/PX/CARST/20180802_20180818_LS8-062017_chip64_skip1_NAOF/20180802-20180818_velo-raw_vy.tif,0.0439453125,0.05859375,0.03774534448971477,0.07799637341865022,0.48393717342618436
LS8-20180802-20180818,64,1,None,16-node oversampling,CARST,/home/jovyan/Projects/PX_comparison/PX/CARST/20180802_20180818_LS8-062017_chip64_skip1_None/20180802-20180818_velo-raw_vx.tif,/home/jovyan/Projects/PX_comparison/PX/CARST/20180802_20180818_LS8-062017_chip64_skip1_None/20180802-20180818_velo-raw_vy.tif,0.2197265625,0.234375,0.08791221512743728,0.177980372703618,0.4939433140407746
LS8-20180802-20180818,64,4,Gau,16-node oversampling,CARST,/home/jovyan/Projects/PX_comparison/PX/CARST/20180802_20180818_LS8-062017_chip64_skip4_Gau/20180802-20180818_velo-raw_vx.tif,/home/jovyan/Projects/PX_comparison/PX/CARST/20180802_20180818_LS8-062017_chip64_skip4_Gau/20180802-20180818_velo-raw_vy.tif,0.146484375,0.1171875,0.05270481908971623,0.126755379109801,0.4157994671299987
LS8-20180802-20180818,64,4,NAOF,16-node oversampling,CARST,/home/jovyan/Projects/PX_comparison/PX/CARST/20180802_20180818_LS8-062017_chip64_skip4_NAOF/20180802-20180818_velo-raw_vx.tif,/home/jovyan/Projects/PX_comparison/PX/CARST/20180802_20180818_LS8-062017_chip64_skip4_NAOF/20180802-20180818_velo-raw_vy.tif,0.0439453125,0.05859375,0.04064620281703503,0.07878202753688192,0.5159324288525889
LS8-20180802-20180818,64,4,None,16-node oversampling,CARST,/home/jovyan/Projects/PX_comparison/PX/CARST/20180802_20180818_LS8-062017_chip64_skip4_None/20180802-20180818_velo-raw_vx.tif,/home/jovyan/Projects/PX_comparison/PX/CARST/20180802_20180818_LS8-062017_chip64_skip4_None/20180802-20180818_velo-raw_vy.tif,0.22705078125,0.263671875,0.0881817982894845,0.20202020952039235,0.4364998853274788
LS8-20180802-20180818,64,8,Gau,16-node oversampling,CARST,/home/jovyan/Projects/PX_comparison/PX/CARST/20180802_20180818_LS8-062017_chip64_skip8_Gau/20180802-20180818_velo-raw_vx.tif,/home/jovyan/Projects/PX_comparison/PX/CARST/20180802_20180818_LS8-062017_chip64_skip8_Gau/20180802-20180818_velo-raw_vy.tif,0.13916015625,0.10986328125,0.07628988210484301,0.19944467114782213,0.38251150891015456
LS8-20180802-20180818,64,8,NAOF,16-node oversampling,CARST,/home/jovyan/Projects/PX_comparison/PX/CARST/20180802_20180818_LS8-062017_chip64_skip8_NAOF/20180802-20180818_velo-raw_vx.tif,/home/jovyan/Projects/PX_comparison/PX/CARST/20180802_20180818_LS8-062017_chip64_skip8_NAOF/20180802-20180818_velo-raw_vy.tif,0.047607421875,0.0732421875,0.044558051716628966,0.08225330273890674,0.5417174779968137
LS8-20180802-20180818,64,8,None,16-node oversampling,CARST,/home/jovyan/Projects/PX_comparison/PX/CARST/20180802_20180818_LS8-062017_chip64_skip8_None/20180802-20180818_velo-raw_vx.tif,/home/jovyan/Projects/PX_comparison/PX/CARST/20180802_20180818_LS8-062017_chip64_skip8_None/20180802-20180818_velo-raw_vy.tif,0.223388671875,0.2490234375,0.14422342650319395,0.3220328479241733,0.44785315359243466
LS8-20180304-20180405,multi,16,NAOF,interest point groups,GIV,/home/jovyan/Projects/PX_comparison/PX/GIV/u_l12_NAOF_200.tif,/home/jovyan/Projects/PX_comparison/PX/GIV/v_l12_NAOF_200.tif,0.23354190774032246,0.27751872601547506,0.14388180396909642,0.27079518541430425,0.5313307315599568
LS8-20180304-20180405,multi,4,NAOF,interest point groups,GIV,/home/jovyan/Projects/PX_comparison/PX/GIV/u_l12_NAOF_50.tif,/home/jovyan/Projects/PX_comparison/PX/GIV/v_l12_NAOF_50.tif,1.7845225515950685,0.7871248420976583,0.10781504849068686,0.19019655644554131,0.5668612014095922
LS8-20180304-20180405,multi,16,Gau,interest point groups,GIV,/home/jovyan/Projects/PX_comparison/PX/GIV/u_l12_gaus_200.tif,/home/jovyan/Projects/PX_comparison/PX/GIV/v_l12_gaus_200.tif,0.25120065569949007,0.399150050012882,0.08513522801574995,0.16696109747768365,0.5099105678023547
LS8-20180304-20180405,multi,4,Gau,interest point groups,GIV,/home/jovyan/Projects/PX_comparison/PX/GIV/u_l12_gaus_50.tif,/home/jovyan/Projects/PX_comparison/PX/GIV/v_l12_gaus_50.tif,0.2687553875587835,0.42529765834427713,0.08776773177165964,0.1384635622290613,0.6338687981063554
LS8-20180304-20180405,multi,16,None,interest point groups,GIV,/home/jovyan/Projects/PX_comparison/PX/GIV/u_l12_r_200.tif,/home/jovyan/Projects/PX_comparison/PX/GIV/v_l12_r_200.tif,0.6140104136459059,0.7672143993258354,0.05800792609728427,0.1085110256903806,0.5345809398466189
LS8-20180304-20180405,multi,4,None,interest point groups,GIV,/home/jovyan/Projects/PX_comparison/PX/GIV/u_l12_r_50.tif,/home/jovyan/Projects/PX_comparison/PX/GIV/v_l12_r_50.tif,1.3965788272235446,0.8236584265817601,0.09103337893906675,0.12586162056038303,0.7232814779736038
LS8-20180802-20180818,multi,16,NAOF,interest point groups,GIV,/home/jovyan/Projects/PX_comparison/PX/GIV/u_l34_NAOF_200.tif,/home/jovyan/Projects/PX_comparison/PX/GIV/v_l34_NAOF_200.tif,0.19976005820210585,0.2196435618183573,0.038472953078017375,0.06577062517776763,0.5849564752354268
LS8-20180802-20180818,multi,4,NAOF,interest point groups,GIV,/home/jovyan/Projects/PX_comparison/PX/GIV/u_l34_NAOF_50.tif,/home/jovyan/Projects/PX_comparison/PX/GIV/v_l34_NAOF_50.tif,0.37168440917469336,0.38586384752868064,0.1656849005339854,0.2734169800568687,0.6059788258195382
LS8-20180802-20180818,multi,16,Gau,interest point groups,GIV,/home/jovyan/Projects/PX_comparison/PX/GIV/u_l34_gaus_200.tif,/home/jovyan/Projects/PX_comparison/PX/GIV/v_l34_gaus_200.tif,0.13179707817378483,0.12640376363476258,0.030221794425469836,0.055118361501273236,0.548307199312732
LS8-20180802-20180818,multi,4,Gau,interest point groups,GIV,/home/jovyan/Projects/PX_comparison/PX/GIV/u_l34_gaus_50.tif,/home/jovyan/Projects/PX_comparison/PX/GIV/v_l34_gaus_50.tif,0.2398358099692896,0.18709505721614034,0.08958837344354509,0.11661251255198128,0.7682569518739261
LS8-20180802-20180818,multi,16,None,interest point groups,GIV,/home/jovyan/Projects/PX_comparison/PX/GIV/u_l34_r_200.tif,/home/jovyan/Projects/PX_comparison/PX/GIV/v_l34_r_200.tif,0.37927234728945547,0.3853822126172901,0.02566256002709901,0.041696370059916915,0.6154626887237998
LS8-20180802-20180818,multi,4,None,interest point groups,GIV,/home/jovyan/Projects/PX_comparison/PX/GIV/u_l34_r_50.tif,/home/jovyan/Projects/PX_comparison/PX/GIV/v_l34_r_50.tif,0.3529780914677282,0.36155957212679335,0.08336241786231999,0.09783074642027474,0.8521085743759971
Sen2-20180304-20180314,multi,20,NAOF,interest point groups,GIV,/home/jovyan/Projects/PX_comparison/PX/GIV/u_s12_NAOF_200.tif,/home/jovyan/Projects/PX_comparison/PX/GIV/v_s12_NAOF_200.tif,0.388821055062353,0.4206129580839253,0.058785870432393125,0.10894596750048699,0.5395873916318229
Sen2-20180304-20180314,multi,5,NAOF,interest point groups,GIV,/home/jovyan/Projects/PX_comparison/PX/GIV/u_s12_NAOF_50.tif,/home/jovyan/Projects/PX_comparison/PX/GIV/v_s12_NAOF_50.tif,4.292330718810554,0.8046086024614576,0.1268389712305952,0.20377374258921419,0.6224500253022729
Sen2-20180304-20180314,multi,20,Gau,interest point groups,GIV,/home/jovyan/Projects/PX_comparison/PX/GIV/u_s12_gaus_200.tif,/home/jovyan/Projects/PX_comparison/PX/GIV/v_s12_gaus_200.tif,0.6256712502901447,0.6074015490429812,0.04196057413284295,0.07369923328627885,0.5693488556366715
Sen2-20180304-20180314,multi,5,Gau,interest point groups,GIV,/home/jovyan/Projects/PX_comparison/PX/GIV/u_s12_gaus_50.tif,/home/jovyan/Projects/PX_comparison/PX/GIV/v_s12_gaus_50.tif,0.9486745505600469,0.5219145198495356,0.08611155686101261,0.09429904653247716,0.9131752655776353
Sen2-20180304-20180314,multi,20,None,interest point groups,GIV,/home/jovyan/Projects/PX_comparison/PX/GIV/u_s12_r_200.tif,/home/jovyan/Projects/PX_comparison/PX/GIV/v_s12_r_200.tif,0.8560086979842136,0.8154908879288865,0.04356343367318148,0.0659061269541111,0.6609921669879597
Sen2-20180304-20180314,multi,5,None,interest point groups,GIV,/home/jovyan/Projects/PX_comparison/PX/GIV/u_s12_r_50.tif,/home/jovyan/Projects/PX_comparison/PX/GIV/v_s12_r_50.tif,0.6170583765570323,0.536553690427557,0.09139039848647838,0.10240509254734619,0.8924399774769478
Sen2-20180508-20180627,multi,20,NAOF,interest point groups,GIV,/home/jovyan/Projects/PX_comparison/PX/GIV/u_s34_NAOF_200.tif,/home/jovyan/Projects/PX_comparison/PX/GIV/v_s34_NAOF_200.tif,0.21957322098078863,0.2909131055645474,0.2766959709301745,0.4476227601957733,0.6181454464226934
Sen2-20180508-20180627,multi,5,NAOF,interest point groups,GIV,/home/jovyan/Projects/PX_comparison/PX/GIV/u_s34_NAOF_50.tif,/home/jovyan/Projects/PX_comparison/PX/GIV/v_s34_NAOF_50.tif,0.41548300096837143,0.451046159395063,0.1315446374551214,0.2565275521315848,0.5127895088152017
Sen2-20180508-20180627,multi,20,Gau,interest point groups,GIV,/home/jovyan/Projects/PX_comparison/PX/GIV/u_s34_gaus_200.tif,/home/jovyan/Projects/PX_comparison/PX/GIV/v_s34_gaus_200.tif,0.36903255228208387,0.4395546014520484,0.19198157629311524,0.31744260255019613,0.6047757129976209
Sen2-20180508-20180627,multi,5,Gau,interest point groups,GIV,/home/jovyan/Projects/PX_comparison/PX/GIV/u_s34_gaus_50.tif,/home/jovyan/Projects/PX_comparison/PX/GIV/v_s34_gaus_50.tif,0.4688781039932716,0.5239534605328036,0.08315642922373644,0.09956534322867767,0.8351945217799942
Sen2-20180508-20180627,multi,20,None,interest point groups,GIV,/home/jovyan/Projects/PX_comparison/PX/GIV/u_s34_r_200.tif,/home/jovyan/Projects/PX_comparison/PX/GIV/v_s34_r_200.tif,1.058713607564688,1.22222056028727,0.12514144671379135,0.20813541979132738,0.6012501228251097
Sen2-20180508-20180627,multi,5,None,interest point groups,GIV,/home/jovyan/Projects/PX_comparison/PX/GIV/u_s34_r_50.tif,/home/jovyan/Projects/PX_comparison/PX/GIV/v_s34_r_50.tif,0.604191380744999,0.640256933968048,0.08550248783821503,0.09919916941440945,0.8619274570840825
LS8-20180304-20180405,31,1,Gau,parabolic,Vmap,/home/jovyan/Projects/PX_comparison/PX/Vmap/parabolic_subpixel/gaussfilter/LC08_L1TP_061018_20180304_20180319_01_T1_B8_s__LC08_L1TP_061018_20180405_20180417_01_T1_B8_s_vmap_minm_31px_spm1-F_vx.tif,/home/jovyan/Projects/PX_comparison/PX/Vmap/parabolic_subpixel/gaussfilter/LC08_L1TP_061018_20180304_20180319_01_T1_B8_s__LC08_L1TP_061018_20180405_20180417_01_T1_B8_s_vmap_minm_31px_spm1-F_vy.tif,0.27323949337005615,0.2806863784790039,0.26752615450039274,0.6013567273459913,0.44487097646863316
LS8-20180304-20180405,65,1,Gau,parabolic,Vmap,/home/jovyan/Projects/PX_comparison/PX/Vmap/parabolic_subpixel/gaussfilter/LC08_L1TP_061018_20180304_20180319_01_T1_B8_s__LC08_L1TP_061018_20180405_20180417_01_T1_B8_s_vmap_minm_65px_spm1-F_vx.tif,/home/jovyan/Projects/PX_comparison/PX/Vmap/parabolic_subpixel/gaussfilter/LC08_L1TP_061018_20180304_20180319_01_T1_B8_s__LC08_L1TP_061018_20180405_20180417_01_T1_B8_s_vmap_minm_65px_spm1-F_vy.tif,0.1507854163646698,0.17232748866081238,0.34593813509287336,0.7123648685783037,0.48561930880066634
LS8-20180802-20180818,31,1,Gau,parabolic,Vmap,/home/jovyan/Projects/PX_comparison/PX/Vmap/parabolic_subpixel/gaussfilter/LC08_L1TP_062017_20180802_20180814_01_T1_B8_s__LC08_L1TP_062017_20180818_20180829_01_T1_B8_s_vmap_minm_31px_spm1-F_vx.tif,/home/jovyan/Projects/PX_comparison/PX/Vmap/parabolic_subpixel/gaussfilter/LC08_L1TP_062017_20180802_20180814_01_T1_B8_s__LC08_L1TP_062017_20180818_20180829_01_T1_B8_s_vmap_minm_31px_spm1-F_vy.tif,0.1326407492160797,0.1431586742401123,0.1909629054108254,0.3872546468074712,0.4931197262192315
LS8-20180802-20180818,65,1,Gau,parabolic,Vmap,/home/jovyan/Projects/PX_comparison/PX/Vmap/parabolic_subpixel/gaussfilter/LC08_L1TP_062017_20180802_20180814_01_T1_B8_s__LC08_L1TP_062017_20180818_20180829_01_T1_B8_s_vmap_minm_65px_spm1-F_vx.tif,/home/jovyan/Projects/PX_comparison/PX/Vmap/parabolic_subpixel/gaussfilter/LC08_L1TP_062017_20180802_20180814_01_T1_B8_s__LC08_L1TP_062017_20180818_20180829_01_T1_B8_s_vmap_minm_65px_spm1-F_vy.tif,0.07627341896295547,0.0823950469493866,0.1167604084566309,0.2199495761290206,0.5308508000403702
Sen2-20180304-20180314,31,1,Gau,parabolic,Vmap,/home/jovyan/Projects/PX_comparison/PX/Vmap/parabolic_subpixel/gaussfilter/T07VFH_20180304T204329_B04_s__T07VFH_20180314T204219_B04_s_vmap_minm_31px_spm1-F_vx.tif,/home/jovyan/Projects/PX_comparison/PX/Vmap/parabolic_subpixel/gaussfilter/T07VFH_20180304T204329_B04_s__T07VFH_20180314T204219_B04_s_vmap_minm_31px_spm1-F_vy.tif,0.4631134271621704,0.5255627632141113,0.09226751002738648,0.12099672073310774,0.7625620716689372
Sen2-20180304-20180314,65,1,Gau,parabolic,Vmap,/home/jovyan/Projects/PX_comparison/PX/Vmap/parabolic_subpixel/gaussfilter/T07VFH_20180304T204329_B04_s__T07VFH_20180314T204219_B04_s_vmap_minm_65px_spm1-F_vx.tif,/home/jovyan/Projects/PX_comparison/PX/Vmap/parabolic_subpixel/gaussfilter/T07VFH_20180304T204329_B04_s__T07VFH_20180314T204219_B04_s_vmap_minm_65px_spm1-F_vy.tif,0.32478243112564087,0.34804368019104004,0.08996824828672573,0.17912993073928246,0.5022513430079503
Sen2-20180508-20180627,31,1,Gau,parabolic,Vmap,/home/jovyan/Projects/PX_comparison/PX/Vmap/parabolic_subpixel/gaussfilter/T07VFH_20180508T204021_B04_s__T07VFH_20180627T204021_B04_s_vmap_minm_31px_spm1-F_vx.tif,/home/jovyan/Projects/PX_comparison/PX/Vmap/parabolic_subpixel/gaussfilter/T07VFH_20180508T204021_B04_s__T07VFH_20180627T204021_B04_s_vmap_minm_31px_spm1-F_vy.tif,0.25714075565338135,0.36792218685150146,0.6420285042250878,1.3515402905318528,0.4750346761563722
Sen2-20180508-20180627,65,1,Gau,parabolic,Vmap,/home/jovyan/Projects/PX_comparison/PX/Vmap/parabolic_subpixel/gaussfilter/T07VFH_20180508T204021_B04_s__T07VFH_20180627T204021_B04_s_vmap_minm_65px_spm1-F_vx.tif,/home/jovyan/Projects/PX_comparison/PX/Vmap/parabolic_subpixel/gaussfilter/T07VFH_20180508T204021_B04_s__T07VFH_20180627T204021_B04_s_vmap_minm_65px_spm1-F_vy.tif,0.18595419824123383,0.317646861076355,0.19429838409059633,0.451060795365345,0.4307587493460184
LS8-20180304-20180405,31,1,None,parabolic,Vmap,/home/jovyan/Projects/PX_comparison/PX/Vmap/parabolic_subpixel/noprefilter/LC08_L1TP_061018_20180304_20180319_01_T1_B8_s__LC08_L1TP_061018_20180405_20180417_01_T1_B8_s_vmap_minm_31px_spm1-F_vx.tif,/home/jovyan/Projects/PX_comparison/PX/Vmap/parabolic_subpixel/noprefilter/LC08_L1TP_061018_20180304_20180319_01_T1_B8_s__LC08_L1TP_061018_20180405_20180417_01_T1_B8_s_vmap_minm_31px_spm1-F_vy.tif,0.5659617185592651,0.48209601640701294,0.161460986476403,0.3371514445082943,0.4788975076523241
LS8-20180304-20180405,65,1,None,parabolic,Vmap,/home/jovyan/Projects/PX_comparison/PX/Vmap/parabolic_subpixel/noprefilter/LC08_L1TP_061018_20180304_20180319_01_T1_B8_s__LC08_L1TP_061018_20180405_20180417_01_T1_B8_s_vmap_minm_65px_spm1-F_vx.tif,/home/jovyan/Projects/PX_comparison/PX/Vmap/parabolic_subpixel/noprefilter/LC08_L1TP_061018_20180304_20180319_01_T1_B8_s__LC08_L1TP_061018_20180405_20180417_01_T1_B8_s_vmap_minm_65px_spm1-F_vy.tif,0.5685547590255737,0.5313159227371216,0.1182728566804441,0.24782328055718236,0.477246755892064
LS8-20180802-20180818,31,1,None,parabolic,Vmap,/home/jovyan/Projects/PX_comparison/PX/Vmap/parabolic_subpixel/noprefilter/LC08_L1TP_062017_20180802_20180814_01_T1_B8_s__LC08_L1TP_062017_20180818_20180829_01_T1_B8_s_vmap_minm_31px_spm1-F_vx.tif,/home/jovyan/Projects/PX_comparison/PX/Vmap/parabolic_subpixel/noprefilter/LC08_L1TP_062017_20180802_20180814_01_T1_B8_s__LC08_L1TP_062017_20180818_20180829_01_T1_B8_s_vmap_minm_31px_spm1-F_vy.tif,0.8653643131256104,0.648488461971283,0.14585871143686296,0.19707670329492996,0.7401113830211679
LS8-20180802-20180818,65,1,None,parabolic,Vmap,/home/jovyan/Projects/PX_comparison/PX/Vmap/parabolic_subpixel/noprefilter/LC08_L1TP_062017_20180802_20180814_01_T1_B8_s__LC08_L1TP_062017_20180818_20180829_01_T1_B8_s_vmap_minm_65px_spm1-F_vx.tif,/home/jovyan/Projects/PX_comparison/PX/Vmap/parabolic_subpixel/noprefilter/LC08_L1TP_062017_20180802_20180814_01_T1_B8_s__LC08_L1TP_062017_20180818_20180829_01_T1_B8_s_vmap_minm_65px_spm1-F_vy.tif,0.42685258388519287,0.3649100065231323,0.10617023251143566,0.11320691068528303,0.9378423266631712
Sen2-20180304-20180314,31,1,None,parabolic,Vmap,/home/jovyan/Projects/PX_comparison/PX/Vmap/parabolic_subpixel/noprefilter/T07VFH_20180304T204329_B04_s__T07VFH_20180314T204219_B04_s_vmap_minm_31px_spm1-F_vx.tif,/home/jovyan/Projects/PX_comparison/PX/Vmap/parabolic_subpixel/noprefilter/T07VFH_20180304T204329_B04_s__T07VFH_20180314T204219_B04_s_vmap_minm_31px_spm1-F_vy.tif,1.2277023792266846,1.0519163608551025,0.09557306943719325,0.11264567039555379,0.8484397944598285
Sen2-20180304-20180314,65,1,None,parabolic,Vmap,/home/jovyan/Projects/PX_comparison/PX/Vmap/parabolic_subpixel/noprefilter/T07VFH_20180304T204329_B04_s__T07VFH_20180314T204219_B04_s_vmap_minm_65px_spm1-F_vx.tif,/home/jovyan/Projects/PX_comparison/PX/Vmap/parabolic_subpixel/noprefilter/T07VFH_20180304T204329_B04_s__T07VFH_20180314T204219_B04_s_vmap_minm_65px_spm1-F_vy.tif,1.0454838275909424,1.0096192359924316,0.0723673171585591,0.09402840367120925,0.7696325188249197
Sen2-20180508-20180627,31,1,None,parabolic,Vmap,/home/jovyan/Projects/PX_comparison/PX/Vmap/parabolic_subpixel/noprefilter/T07VFH_20180508T204021_B04_s__T07VFH_20180627T204021_B04_s_vmap_minm_31px_spm1-F_vx.tif,/home/jovyan/Projects/PX_comparison/PX/Vmap/parabolic_subpixel/noprefilter/T07VFH_20180508T204021_B04_s__T07VFH_20180627T204021_B04_s_vmap_minm_31px_spm1-F_vy.tif,0.7832448482513428,0.8021789193153381,0.16005876009889594,0.28697012598137445,0.5577540852084527
Sen2-20180508-20180627,65,1,None,parabolic,Vmap,/home/jovyan/Projects/PX_comparison/PX/Vmap/parabolic_subpixel/noprefilter/T07VFH_20180508T204021_B04_s__T07VFH_20180627T204021_B04_s_vmap_minm_65px_spm1-F_vx.tif,/home/jovyan/Projects/PX_comparison/PX/Vmap/parabolic_subpixel/noprefilter/T07VFH_20180508T204021_B04_s__T07VFH_20180627T204021_B04_s_vmap_minm_65px_spm1-F_vy.tif,3.560196876525879,1.588935136795044,0.1076491443986425,0.2284582021095213,0.471198422313751
LS8-20180304-20180405,31,1,LoG,parabolic,Vmap,/home/jovyan/Projects/PX_comparison/PX/Vmap/subpixel_comparison/LC08_L1TP_061018_20180304_20180319_01_T1_B8_s__LC08_L1TP_061018_20180405_20180417_01_T1_B8_s_vmap_minm_31px_spm1-F_vx.tif,/home/jovyan/Projects/PX_comparison/PX/Vmap/subpixel_comparison/LC08_L1TP_061018_20180304_20180319_01_T1_B8_s__LC08_L1TP_061018_20180405_20180417_01_T1_B8_s_vmap_minm_31px_spm1-F_vy.tif,0.44570261240005493,0.4564090371131897,0.17108759077566169,0.21705083102068082,0.7882374371529602
LS8-20180304-20180405,31,1,LoG,affine adaptive,Vmap,/home/jovyan/Projects/PX_comparison/PX/Vmap/subpixel_comparison/LC08_L1TP_061018_20180304_20180319_01_T1_B8_s__LC08_L1TP_061018_20180405_20180417_01_T1_B8_s_vmap_minm_31px_spm2-F_vx.tif,/home/jovyan/Projects/PX_comparison/PX/Vmap/subpixel_comparison/LC08_L1TP_061018_20180304_20180319_01_T1_B8_s__LC08_L1TP_061018_20180405_20180417_01_T1_B8_s_vmap_minm_31px_spm2-F_vy.tif,0.7730656266212463,0.9330857396125793,0.10988867956867159,0.163344967115277,0.6727399166888328
LS8-20180304-20180405,31,1,LoG,affine,Vmap,/home/jovyan/Projects/PX_comparison/PX/Vmap/subpixel_comparison/LC08_L1TP_061018_20180304_20180319_01_T1_B8_s__LC08_L1TP_061018_20180405_20180417_01_T1_B8_s_vmap_minm_31px_spm3-F_vx.tif,/home/jovyan/Projects/PX_comparison/PX/Vmap/subpixel_comparison/LC08_L1TP_061018_20180304_20180319_01_T1_B8_s__LC08_L1TP_061018_20180405_20180417_01_T1_B8_s_vmap_minm_31px_spm3-F_vy.tif,0.641545295715332,0.6939045190811157,0.11911046431669155,0.1562825141001948,0.7621483759874008
LS8-20180802-20180818,31,1,LoG,parabolic,Vmap,/home/jovyan/Projects/PX_comparison/PX/Vmap/subpixel_comparison/LC08_L1TP_062017_20180802_20180814_01_T1_B8_s__LC08_L1TP_062017_20180818_20180829_01_T1_B8_s_vmap_minm_31px_spm1-F_vx.tif,/home/jovyan/Projects/PX_comparison/PX/Vmap/subpixel_comparison/LC08_L1TP_062017_20180802_20180814_01_T1_B8_s__LC08_L1TP_062017_20180818_20180829_01_T1_B8_s_vmap_minm_31px_spm1-F_vy.tif,0.26204174757003784,0.2562994360923767,0.1570048114172755,0.30514324362152406,0.5145282246917846
LS8-20180802-20180818,31,1,LoG,affine adaptive,Vmap,/home/jovyan/Projects/PX_comparison/PX/Vmap/subpixel_comparison/LC08_L1TP_062017_20180802_20180814_01_T1_B8_s__LC08_L1TP_062017_20180818_20180829_01_T1_B8_s_vmap_minm_31px_spm2-F_vx.tif,/home/jovyan/Projects/PX_comparison/PX/Vmap/subpixel_comparison/LC08_L1TP_062017_20180802_20180814_01_T1_B8_s__LC08_L1TP_062017_20180818_20180829_01_T1_B8_s_vmap_minm_31px_spm2-F_vy.tif,0.3858172595500946,0.4046068787574768,0.11299377970561324,0.16364275313029492,0.6904905811236617
LS8-20180802-20180818,31,1,LoG,affine,Vmap,/home/jovyan/Projects/PX_comparison/PX/Vmap/subpixel_comparison/LC08_L1TP_062017_20180802_20180814_01_T1_B8_s__LC08_L1TP_062017_20180818_20180829_01_T1_B8_s_vmap_minm_31px_spm3-F_vx.tif,/home/jovyan/Projects/PX_comparison/PX/Vmap/subpixel_comparison/LC08_L1TP_062017_20180802_20180814_01_T1_B8_s__LC08_L1TP_062017_20180818_20180829_01_T1_B8_s_vmap_minm_31px_spm3-F_vy.tif,0.38859277963638306,0.39397257566452026,0.11160957567118941,0.16652742719267463,0.6702173783184407
Sen2-20180304-20180314,31,1,LoG,parabolic,Vmap,/home/jovyan/Projects/PX_comparison/PX/Vmap/subpixel_comparison/T07VFH_20180304T204329_B04_s__T07VFH_20180314T204219_B04_s_vmap_minm_31px_spm1-F_vx.tif,/home/jovyan/Projects/PX_comparison/PX/Vmap/subpixel_comparison/T07VFH_20180304T204329_B04_s__T07VFH_20180314T204219_B04_s_vmap_minm_31px_spm1-F_vy.tif,0.6997120380401611,0.7883785963058472,0.0845623779338562,0.10243926803969555,0.8254879164217378
Sen2-20180304-20180314,31,1,LoG,affine adaptive,Vmap,/home/jovyan/Projects/PX_comparison/PX/Vmap/subpixel_comparison/T07VFH_20180304T204329_B04_s__T07VFH_20180314T204219_B04_s_vmap_minm_31px_spm2-F_vx.tif,/home/jovyan/Projects/PX_comparison/PX/Vmap/subpixel_comparison/T07VFH_20180304T204329_B04_s__T07VFH_20180314T204219_B04_s_vmap_minm_31px_spm2-F_vy.tif,1.0996017456054688,1.1788949966430664,0.07751919749019098,0.10530231381139078,0.736158539014036
Sen2-20180304-20180314,31,1,LoG,affine,Vmap,/home/jovyan/Projects/PX_comparison/PX/Vmap/subpixel_comparison/T07VFH_20180304T204329_B04_s__T07VFH_20180314T204219_B04_s_vmap_minm_31px_spm3-F_vx.tif,/home/jovyan/Projects/PX_comparison/PX/Vmap/subpixel_comparison/T07VFH_20180304T204329_B04_s__T07VFH_20180314T204219_B04_s_vmap_minm_31px_spm3-F_vy.tif,1.0131566524505615,0.9970640540122986,0.07825631314562059,0.10583971452909954,0.7393851494573412
Sen2-20180508-20180627,31,1,LoG,parabolic,Vmap,/home/jovyan/Projects/PX_comparison/PX/Vmap/subpixel_comparison/T07VFH_20180508T204021_B04_s__T07VFH_20180627T204021_B04_s_vmap_minm_31px_spm1-F_vx.tif,/home/jovyan/Projects/PX_comparison/PX/Vmap/subpixel_comparison/T07VFH_20180508T204021_B04_s__T07VFH_20180627T204021_B04_s_vmap_minm_31px_spm1-F_vy.tif,0.3331592082977295,0.5551408529281616,0.3851937807750082,0.7732702394161218,0.4981360475813203
Sen2-20180508-20180627,31,1,LoG,affine adaptive,Vmap,/home/jovyan/Projects/PX_comparison/PX/Vmap/subpixel_comparison/T07VFH_20180508T204021_B04_s__T07VFH_20180627T204021_B04_s_vmap_minm_31px_spm2-F_vx.tif,/home/jovyan/Projects/PX_comparison/PX/Vmap/subpixel_comparison/T07VFH_20180508T204021_B04_s__T07VFH_20180627T204021_B04_s_vmap_minm_31px_spm2-F_vy.tif,0.5640556812286377,0.8243568539619446,0.20928137357738352,0.3908347600109456,0.5354727751736372
Sen2-20180508-20180627,31,1,LoG,affine,Vmap,/home/jovyan/Projects/PX_comparison/PX/Vmap/subpixel_comparison/T07VFH_20180508T204021_B04_s__T07VFH_20180627T204021_B04_s_vmap_minm_31px_spm3-F_vx.tif,/home/jovyan/Projects/PX_comparison/PX/Vmap/subpixel_comparison/T07VFH_20180508T204021_B04_s__T07VFH_20180627T204021_B04_s_vmap_minm_31px_spm3-F_vy.tif,0.5406243801116943,0.7814733982086182,0.2057948129762273,0.36282265205716263,0.567204974136522
LS8-20180304-20180405,32,4,None,pyrUP,autoRIFT,/home/jovyan/Projects/PX_comparison/PX/autoRIFT/Landsat/LC08_L1TP_061018_20180304_20180319_01_T1_B8_s__LC08_L1TP_061018_20180405_20180417_01_T1_B8_s_min_min_chip_32.0_max_chip_32.0_skip_rate_4/LC08_L1TP_061018_20180304_20180319_01_T1_B8_s_warp__LC08_L1TP_061018_20180405_20180417_01_T1_B8_s_warp_15.0_min_chip_32.0_max_chip_32.0_skip_rate_4-vx.tif,/home/jovyan/Projects/PX_comparison/PX/autoRIFT/Landsat/LC08_L1TP_061018_20180304_20180319_01_T1_B8_s__LC08_L1TP_061018_20180405_20180417_01_T1_B8_s_min_min_chip_32.0_max_chip_32.0_skip_rate_4/LC08_L1TP_061018_20180304_20180319_01_T1_B8_s_warp__LC08_L1TP_061018_20180405_20180417_01_T1_B8_s_warp_15.0_min_chip_32.0_max_chip_32.0_skip_rate_4-vy.tif,1.1279296875,1.201171875,0.060577472024714,0.1332005207683676,0.4547840479547127
LS8-20180304-20180405,32,8,None,pyrUP,autoRIFT,/home/jovyan/Projects/PX_comparison/PX/autoRIFT/Landsat/LC08_L1TP_061018_20180304_20180319_01_T1_B8_s__LC08_L1TP_061018_20180405_20180417_01_T1_B8_s_min_min_chip_32.0_max_chip_32.0_skip_rate_8/LC08_L1TP_061018_20180304_20180319_01_T1_B8_s_warp__LC08_L1TP_061018_20180405_20180417_01_T1_B8_s_warp_15.0_min_chip_32.0_max_chip_32.0_skip_rate_8-vx.tif,/home/jovyan/Projects/PX_comparison/PX/autoRIFT/Landsat/LC08_L1TP_061018_20180304_20180319_01_T1_B8_s__LC08_L1TP_061018_20180405_20180417_01_T1_B8_s_min_min_chip_32.0_max_chip_32.0_skip_rate_8/LC08_L1TP_061018_20180304_20180319_01_T1_B8_s_warp__LC08_L1TP_061018_20180405_20180417_01_T1_B8_s_warp_15.0_min_chip_32.0_max_chip_32.0_skip_rate_8-vy.tif,0.703125,0.6884765625,0.09515681377754508,0.331496307821176,0.2870524091293256
LS8-20180304-20180405,64,4,None,pyrUP,autoRIFT,/home/jovyan/Projects/PX_comparison/PX/autoRIFT/Landsat/LC08_L1TP_061018_20180304_20180319_01_T1_B8_s__LC08_L1TP_061018_20180405_20180417_01_T1_B8_s_min_min_chip_64.0_max_chip_64.0_skip_rate_4/LC08_L1TP_061018_20180304_20180319_01_T1_B8_s_warp__LC08_L1TP_061018_20180405_20180417_01_T1_B8_s_warp_15.0_min_chip_64.0_max_chip_64.0_skip_rate_4-vx.tif,/home/jovyan/Projects/PX_comparison/PX/autoRIFT/Landsat/LC08_L1TP_061018_20180304_20180319_01_T1_B8_s__LC08_L1TP_061018_20180405_20180417_01_T1_B8_s_min_min_chip_64.0_max_chip_64.0_skip_rate_4/LC08_L1TP_061018_20180304_20180319_01_T1_B8_s_warp__LC08_L1TP_061018_20180405_20180417_01_T1_B8_s_warp_15.0_min_chip_64.0_max_chip_64.0_skip_rate_4-vy.tif,0.966796875,0.7763671875,0.05823688218020452,0.12589100720365698,0.4625976348413297
LS8-20180304-20180405,64,8,None,pyrUP,autoRIFT,/home/jovyan/Projects/PX_comparison/PX/autoRIFT/Landsat/LC08_L1TP_061018_20180304_20180319_01_T1_B8_s__LC08_L1TP_061018_20180405_20180417_01_T1_B8_s_min_min_chip_64.0_max_chip_64.0_skip_rate_8/LC08_L1TP_061018_20180304_20180319_01_T1_B8_s_warp__LC08_L1TP_061018_20180405_20180417_01_T1_B8_s_warp_15.0_min_chip_64.0_max_chip_64.0_skip_rate_8-vx.tif,/home/jovyan/Projects/PX_comparison/PX/autoRIFT/Landsat/LC08_L1TP_061018_20180304_20180319_01_T1_B8_s__LC08_L1TP_061018_20180405_20180417_01_T1_B8_s_min_min_chip_64.0_max_chip_64.0_skip_rate_8/LC08_L1TP_061018_20180304_20180319_01_T1_B8_s_warp__LC08_L1TP_061018_20180405_20180417_01_T1_B8_s_warp_15.0_min_chip_64.0_max_chip_64.0_skip_rate_8-vy.tif,0.791015625,0.7177734375,0.052192563782422284,0.17426570851226691,0.2994999086624569
LS8-20180304-20180405,32,4,Gau,pyrUP,autoRIFT,/home/jovyan/Projects/PX_comparison/PX/autoRIFT/Landsat/LC08_L1TP_061018_20180304_20180319_01_T1_B8_s_gauss_hp__LC08_L1TP_061018_20180405_20180417_01_T1_B8_s_gauss_hp_min_min_chip_32.0_max_chip_32.0_skip_rate_4/LC08_L1TP_061018_20180304_20180319_01_T1_B8_s_gauss_hp_warp__LC08_L1TP_061018_20180405_20180417_01_T1_B8_s_gauss_hp_warp_15.0_min_chip_32.0_max_chip_32.0_skip_rate_4-vx.tif,/home/jovyan/Projects/PX_comparison/PX/autoRIFT/Landsat/LC08_L1TP_061018_20180304_20180319_01_T1_B8_s_gauss_hp__LC08_L1TP_061018_20180405_20180417_01_T1_B8_s_gauss_hp_min_min_chip_32.0_max_chip_32.0_skip_rate_4/LC08_L1TP_061018_20180304_20180319_01_T1_B8_s_gauss_hp_warp__LC08_L1TP_061018_20180405_20180417_01_T1_B8_s_gauss_hp_warp_15.0_min_chip_32.0_max_chip_32.0_skip_rate_4-vy.tif,0.63720703125,0.7470703125,0.06337638138412441,0.14093934940252198,0.44967130650732484
LS8-20180304-20180405,32,8,Gau,pyrUP,autoRIFT,/home/jovyan/Projects/PX_comparison/PX/autoRIFT/Landsat/LC08_L1TP_061018_20180304_20180319_01_T1_B8_s_gauss_hp__LC08_L1TP_061018_20180405_20180417_01_T1_B8_s_gauss_hp_min_min_chip_32.0_max_chip_32.0_skip_rate_8/LC08_L1TP_061018_20180304_20180319_01_T1_B8_s_gauss_hp_warp__LC08_L1TP_061018_20180405_20180417_01_T1_B8_s_gauss_hp_warp_15.0_min_chip_32.0_max_chip_32.0_skip_rate_8-vx.tif,/home/jovyan/Projects/PX_comparison/PX/autoRIFT/Landsat/LC08_L1TP_061018_20180304_20180319_01_T1_B8_s_gauss_hp__LC08_L1TP_061018_20180405_20180417_01_T1_B8_s_gauss_hp_min_min_chip_32.0_max_chip_32.0_skip_rate_8/LC08_L1TP_061018_20180304_20180319_01_T1_B8_s_gauss_hp_warp__LC08_L1TP_061018_20180405_20180417_01_T1_B8_s_gauss_hp_warp_15.0_min_chip_32.0_max_chip_32.0_skip_rate_8-vy.tif,0.380859375,0.46875,0.17296022907376088,0.4467023468777973,0.3871934640206333
LS8-20180304-20180405,64,4,Gau,pyrUP,autoRIFT,/home/jovyan/Projects/PX_comparison/PX/autoRIFT/Landsat/LC08_L1TP_061018_20180304_20180319_01_T1_B8_s_gauss_hp__LC08_L1TP_061018_20180405_20180417_01_T1_B8_s_gauss_hp_min_min_chip_64.0_max_chip_64.0_skip_rate_4/LC08_L1TP_061018_20180304_20180319_01_T1_B8_s_gauss_hp_warp__LC08_L1TP_061018_20180405_20180417_01_T1_B8_s_gauss_hp_warp_15.0_min_chip_64.0_max_chip_64.0_skip_rate_4-vx.tif,/home/jovyan/Projects/PX_comparison/PX/autoRIFT/Landsat/LC08_L1TP_061018_20180304_20180319_01_T1_B8_s_gauss_hp__LC08_L1TP_061018_20180405_20180417_01_T1_B8_s_gauss_hp_min_min_chip_64.0_max_chip_64.0_skip_rate_4/LC08_L1TP_061018_20180304_20180319_01_T1_B8_s_gauss_hp_warp__LC08_L1TP_061018_20180405_20180417_01_T1_B8_s_gauss_hp_warp_15.0_min_chip_64.0_max_chip_64.0_skip_rate_4-vy.tif,0.3662109375,0.41015625,0.06010763585364409,0.1393887683622996,0.4312229497387637
LS8-20180304-20180405,64,8,Gau,pyrUP,autoRIFT,/home/jovyan/Projects/PX_comparison/PX/autoRIFT/Landsat/LC08_L1TP_061018_20180304_20180319_01_T1_B8_s_gauss_hp__LC08_L1TP_061018_20180405_20180417_01_T1_B8_s_gauss_hp_min_min_chip_64.0_max_chip_64.0_skip_rate_8/LC08_L1TP_061018_20180304_20180319_01_T1_B8_s_gauss_hp_warp__LC08_L1TP_061018_20180405_20180417_01_T1_B8_s_gauss_hp_warp_15.0_min_chip_64.0_max_chip_64.0_skip_rate_8-vx.tif,/home/jovyan/Projects/PX_comparison/PX/autoRIFT/Landsat/LC08_L1TP_061018_20180304_20180319_01_T1_B8_s_gauss_hp__LC08_L1TP_061018_20180405_20180417_01_T1_B8_s_gauss_hp_min_min_chip_64.0_max_chip_64.0_skip_rate_8/LC08_L1TP_061018_20180304_20180319_01_T1_B8_s_gauss_hp_warp__LC08_L1TP_061018_20180405_20180417_01_T1_B8_s_gauss_hp_warp_15.0_min_chip_64.0_max_chip_64.0_skip_rate_8-vy.tif,0.2490234375,0.3369140625,0.1463641126328837,0.18316821305469708,0.7990693919647344
LS8-20180304-20180405,32,4,NAOF,pyrUP,autoRIFT,/home/jovyan/Projects/PX_comparison/PX/autoRIFT/Landsat/LC08_L1TP_061018_20180304_20180319_01_T1_B8_s_naof2__LC08_L1TP_061018_20180405_20180417_01_T1_B8_s_naof2_min_min_chip_32.0_max_chip_32.0_skip_rate_4/LC08_L1TP_061018_20180304_20180319_01_T1_B8_s_naof2_warp__LC08_L1TP_061018_20180405_20180417_01_T1_B8_s_naof2_warp_15.0_min_chip_32.0_max_chip_32.0_skip_rate_4-vx.tif,/home/jovyan/Projects/PX_comparison/PX/autoRIFT/Landsat/LC08_L1TP_061018_20180304_20180319_01_T1_B8_s_naof2__LC08_L1TP_061018_20180405_20180417_01_T1_B8_s_naof2_min_min_chip_32.0_max_chip_32.0_skip_rate_4/LC08_L1TP_061018_20180304_20180319_01_T1_B8_s_naof2_warp__LC08_L1TP_061018_20180405_20180417_01_T1_B8_s_naof2_warp_15.0_min_chip_32.0_max_chip_32.0_skip_rate_4-vy.tif,0.2197265625,0.322265625,0.1137824551858626,0.2504859187275031,0.4542469124168352
LS8-20180304-20180405,32,8,NAOF,pyrUP,autoRIFT,/home/jovyan/Projects/PX_comparison/PX/autoRIFT/Landsat/LC08_L1TP_061018_20180304_20180319_01_T1_B8_s_naof2__LC08_L1TP_061018_20180405_20180417_01_T1_B8_s_naof2_min_min_chip_32.0_max_chip_32.0_skip_rate_8/LC08_L1TP_061018_20180304_20180319_01_T1_B8_s_naof2_warp__LC08_L1TP_061018_20180405_20180417_01_T1_B8_s_naof2_warp_15.0_min_chip_32.0_max_chip_32.0_skip_rate_8-vx.tif,/home/jovyan/Projects/PX_comparison/PX/autoRIFT/Landsat/LC08_L1TP_061018_20180304_20180319_01_T1_B8_s_naof2__LC08_L1TP_061018_20180405_20180417_01_T1_B8_s_naof2_min_min_chip_32.0_max_chip_32.0_skip_rate_8/LC08_L1TP_061018_20180304_20180319_01_T1_B8_s_naof2_warp__LC08_L1TP_061018_20180405_20180417_01_T1_B8_s_naof2_warp_15.0_min_chip_32.0_max_chip_32.0_skip_rate_8-vy.tif,0.146484375,0.2490234375,0.42971190883726995,0.9530521133538253,0.45087976073532643
LS8-20180304-20180405,64,4,NAOF,pyrUP,autoRIFT,/home/jovyan/Projects/PX_comparison/PX/autoRIFT/Landsat/LC08_L1TP_061018_20180304_20180319_01_T1_B8_s_naof2__LC08_L1TP_061018_20180405_20180417_01_T1_B8_s_naof2_min_min_chip_64.0_max_chip_64.0_skip_rate_4/LC08_L1TP_061018_20180304_20180319_01_T1_B8_s_naof2_warp__LC08_L1TP_061018_20180405_20180417_01_T1_B8_s_naof2_warp_15.0_min_chip_64.0_max_chip_64.0_skip_rate_4-vx.tif,/home/jovyan/Projects/PX_comparison/PX/autoRIFT/Landsat/LC08_L1TP_061018_20180304_20180319_01_T1_B8_s_naof2__LC08_L1TP_061018_20180405_20180417_01_T1_B8_s_naof2_min_min_chip_64.0_max_chip_64.0_skip_rate_4/LC08_L1TP_061018_20180304_20180319_01_T1_B8_s_naof2_warp__LC08_L1TP_061018_20180405_20180417_01_T1_B8_s_naof2_warp_15.0_min_chip_64.0_max_chip_64.0_skip_rate_4-vy.tif,0.1318359375,0.2197265625,0.19534929901098175,0.3646154108072929,0.5357680811638214
LS8-20180304-20180405,64,8,NAOF,pyrUP,autoRIFT,/home/jovyan/Projects/PX_comparison/PX/autoRIFT/Landsat/LC08_L1TP_061018_20180304_20180319_01_T1_B8_s_naof2__LC08_L1TP_061018_20180405_20180417_01_T1_B8_s_naof2_min_min_chip_64.0_max_chip_64.0_skip_rate_8/LC08_L1TP_061018_20180304_20180319_01_T1_B8_s_naof2_warp__LC08_L1TP_061018_20180405_20180417_01_T1_B8_s_naof2_warp_15.0_min_chip_64.0_max_chip_64.0_skip_rate_8-vx.tif,/home/jovyan/Projects/PX_comparison/PX/autoRIFT/Landsat/LC08_L1TP_061018_20180304_20180319_01_T1_B8_s_naof2__LC08_L1TP_061018_20180405_20180417_01_T1_B8_s_naof2_min_min_chip_64.0_max_chip_64.0_skip_rate_8/LC08_L1TP_061018_20180304_20180319_01_T1_B8_s_naof2_warp__LC08_L1TP_061018_20180405_20180417_01_T1_B8_s_naof2_warp_15.0_min_chip_64.0_max_chip_64.0_skip_rate_8-vy.tif,0.1171875,0.205078125,0.46315198893595777,1.0107406398190688,0.4582303023047198
LS8-20180802-20180818,32,4,None,pyrUP,autoRIFT,/home/jovyan/Projects/PX_comparison/PX/autoRIFT/Landsat/LC08_L1TP_062017_20180802_20180814_01_T1_B8_s__LC08_L1TP_062017_20180818_20180829_01_T1_B8_s_min_min_chip_32.0_max_chip_32.0_skip_rate_4/LC08_L1TP_062017_20180802_20180814_01_T1_B8_s_warp__LC08_L1TP_062017_20180818_20180829_01_T1_B8_s_warp_15.0_min_chip_32.0_max_chip_32.0_skip_rate_4-vx.tif,/home/jovyan/Projects/PX_comparison/PX/autoRIFT/Landsat/LC08_L1TP_062017_20180802_20180814_01_T1_B8_s__LC08_L1TP_062017_20180818_20180829_01_T1_B8_s_min_min_chip_32.0_max_chip_32.0_skip_rate_4/LC08_L1TP_062017_20180802_20180814_01_T1_B8_s_warp__LC08_L1TP_062017_20180818_20180829_01_T1_B8_s_warp_15.0_min_chip_32.0_max_chip_32.0_skip_rate_4-vy.tif,0.76171875,0.791015625,0.05303394890457013,0.06811473448025555,0.7785973080456344
LS8-20180802-20180818,32,8,None,pyrUP,autoRIFT,/home/jovyan/Projects/PX_comparison/PX/autoRIFT/Landsat/LC08_L1TP_062017_20180802_20180814_01_T1_B8_s__LC08_L1TP_062017_20180818_20180829_01_T1_B8_s_min_min_chip_32.0_max_chip_32.0_skip_rate_8/LC08_L1TP_062017_20180802_20180814_01_T1_B8_s_warp__LC08_L1TP_062017_20180818_20180829_01_T1_B8_s_warp_15.0_min_chip_32.0_max_chip_32.0_skip_rate_8-vx.tif,/home/jovyan/Projects/PX_comparison/PX/autoRIFT/Landsat/LC08_L1TP_062017_20180802_20180814_01_T1_B8_s__LC08_L1TP_062017_20180818_20180829_01_T1_B8_s_min_min_chip_32.0_max_chip_32.0_skip_rate_8/LC08_L1TP_062017_20180802_20180814_01_T1_B8_s_warp__LC08_L1TP_062017_20180818_20180829_01_T1_B8_s_warp_15.0_min_chip_32.0_max_chip_32.0_skip_rate_8-vy.tif,0.498046875,0.46875,0.2040689663079441,0.3474701944324605,0.5872991973923392
LS8-20180802-20180818,64,4,None,pyrUP,autoRIFT,/home/jovyan/Projects/PX_comparison/PX/autoRIFT/Landsat/LC08_L1TP_062017_20180802_20180814_01_T1_B8_s__LC08_L1TP_062017_20180818_20180829_01_T1_B8_s_min_min_chip_64.0_max_chip_64.0_skip_rate_4/LC08_L1TP_062017_20180802_20180814_01_T1_B8_s_warp__LC08_L1TP_062017_20180818_20180829_01_T1_B8_s_warp_15.0_min_chip_64.0_max_chip_64.0_skip_rate_4-vx.tif,/home/jovyan/Projects/PX_comparison/PX/autoRIFT/Landsat/LC08_L1TP_062017_20180802_20180814_01_T1_B8_s__LC08_L1TP_062017_20180818_20180829_01_T1_B8_s_min_min_chip_64.0_max_chip_64.0_skip_rate_4/LC08_L1TP_062017_20180802_20180814_01_T1_B8_s_warp__LC08_L1TP_062017_20180818_20180829_01_T1_B8_s_warp_15.0_min_chip_64.0_max_chip_64.0_skip_rate_4-vy.tif,0.703125,0.791015625,0.045265884774780656,0.06152619073116042,0.7357173300809503
LS8-20180802-20180818,64,8,None,pyrUP,autoRIFT,/home/jovyan/Projects/PX_comparison/PX/autoRIFT/Landsat/LC08_L1TP_062017_20180802_20180814_01_T1_B8_s__LC08_L1TP_062017_20180818_20180829_01_T1_B8_s_min_min_chip_64.0_max_chip_64.0_skip_rate_8/LC08_L1TP_062017_20180802_20180814_01_T1_B8_s_warp__LC08_L1TP_062017_20180818_20180829_01_T1_B8_s_warp_15.0_min_chip_64.0_max_chip_64.0_skip_rate_8-vx.tif,/home/jovyan/Projects/PX_comparison/PX/autoRIFT/Landsat/LC08_L1TP_062017_20180802_20180814_01_T1_B8_s__LC08_L1TP_062017_20180818_20180829_01_T1_B8_s_min_min_chip_64.0_max_chip_64.0_skip_rate_8/LC08_L1TP_062017_20180802_20180814_01_T1_B8_s_warp__LC08_L1TP_062017_20180818_20180829_01_T1_B8_s_warp_15.0_min_chip_64.0_max_chip_64.0_skip_rate_8-vy.tif,0.46875,0.732421875,0.059822294165113234,0.07313719094980284,0.817946292279284
LS8-20180802-20180818,32,4,Gau,pyrUP,autoRIFT,/home/jovyan/Projects/PX_comparison/PX/autoRIFT/Landsat/LC08_L1TP_062017_20180802_20180814_01_T1_B8_s_gauss_hp__LC08_L1TP_062017_20180818_20180829_01_T1_B8_s_gauss_hp_min_min_chip_32.0_max_chip_32.0_skip_rate_4/LC08_L1TP_062017_20180802_20180814_01_T1_B8_s_gauss_hp_warp__LC08_L1TP_062017_20180818_20180829_01_T1_B8_s_gauss_hp_warp_15.0_min_chip_32.0_max_chip_32.0_skip_rate_4-vx.tif,/home/jovyan/Projects/PX_comparison/PX/autoRIFT/Landsat/LC08_L1TP_062017_20180802_20180814_01_T1_B8_s_gauss_hp__LC08_L1TP_062017_20180818_20180829_01_T1_B8_s_gauss_hp_min_min_chip_32.0_max_chip_32.0_skip_rate_4/LC08_L1TP_062017_20180802_20180814_01_T1_B8_s_gauss_hp_warp__LC08_L1TP_062017_20180818_20180829_01_T1_B8_s_gauss_hp_warp_15.0_min_chip_32.0_max_chip_32.0_skip_rate_4-vy.tif,0.41015625,0.380859375,0.05414637579500139,0.0718848621951713,0.7532375265322349
LS8-20180802-20180818,32,8,Gau,pyrUP,autoRIFT,/home/jovyan/Projects/PX_comparison/PX/autoRIFT/Landsat/LC08_L1TP_062017_20180802_20180814_01_T1_B8_s_gauss_hp__LC08_L1TP_062017_20180818_20180829_01_T1_B8_s_gauss_hp_min_min_chip_32.0_max_chip_32.0_skip_rate_8/LC08_L1TP_062017_20180802_20180814_01_T1_B8_s_gauss_hp_warp__LC08_L1TP_062017_20180818_20180829_01_T1_B8_s_gauss_hp_warp_15.0_min_chip_32.0_max_chip_32.0_skip_rate_8-vx.tif,/home/jovyan/Projects/PX_comparison/PX/autoRIFT/Landsat/LC08_L1TP_062017_20180802_20180814_01_T1_B8_s_gauss_hp__LC08_L1TP_062017_20180818_20180829_01_T1_B8_s_gauss_hp_min_min_chip_32.0_max_chip_32.0_skip_rate_8/LC08_L1TP_062017_20180802_20180814_01_T1_B8_s_gauss_hp_warp__LC08_L1TP_062017_20180818_20180829_01_T1_B8_s_gauss_hp_warp_15.0_min_chip_32.0_max_chip_32.0_skip_rate_8-vy.tif,0.3369140625,0.263671875,0.2333553884204349,0.32874525460897114,0.7098365228054819
LS8-20180802-20180818,64,4,Gau,pyrUP,autoRIFT,/home/jovyan/Projects/PX_comparison/PX/autoRIFT/Landsat/LC08_L1TP_062017_20180802_20180814_01_T1_B8_s_gauss_hp__LC08_L1TP_062017_20180818_20180829_01_T1_B8_s_gauss_hp_min_min_chip_64.0_max_chip_64.0_skip_rate_4/LC08_L1TP_062017_20180802_20180814_01_T1_B8_s_gauss_hp_warp__LC08_L1TP_062017_20180818_20180829_01_T1_B8_s_gauss_hp_warp_15.0_min_chip_64.0_max_chip_64.0_skip_rate_4-vx.tif,/home/jovyan/Projects/PX_comparison/PX/autoRIFT/Landsat/LC08_L1TP_062017_20180802_20180814_01_T1_B8_s_gauss_hp__LC08_L1TP_062017_20180818_20180829_01_T1_B8_s_gauss_hp_min_min_chip_64.0_max_chip_64.0_skip_rate_4/LC08_L1TP_062017_20180802_20180814_01_T1_B8_s_gauss_hp_warp__LC08_L1TP_062017_20180818_20180829_01_T1_B8_s_gauss_hp_warp_15.0_min_chip_64.0_max_chip_64.0_skip_rate_4-vy.tif,0.1171875,0.146484375,0.03890723995860014,0.059208130344261437,0.657126643458876
LS8-20180802-20180818,64,8,Gau,pyrUP,autoRIFT,/home/jovyan/Projects/PX_comparison/PX/autoRIFT/Landsat/LC08_L1TP_062017_20180802_20180814_01_T1_B8_s_gauss_hp__LC08_L1TP_062017_20180818_20180829_01_T1_B8_s_gauss_hp_min_min_chip_64.0_max_chip_64.0_skip_rate_8/LC08_L1TP_062017_20180802_20180814_01_T1_B8_s_gauss_hp_warp__LC08_L1TP_062017_20180818_20180829_01_T1_B8_s_gauss_hp_warp_15.0_min_chip_64.0_max_chip_64.0_skip_rate_8-vx.tif,/home/jovyan/Projects/PX_comparison/PX/autoRIFT/Landsat/LC08_L1TP_062017_20180802_20180814_01_T1_B8_s_gauss_hp__LC08_L1TP_062017_20180818_20180829_01_T1_B8_s_gauss_hp_min_min_chip_64.0_max_chip_64.0_skip_rate_8/LC08_L1TP_062017_20180802_20180814_01_T1_B8_s_gauss_hp_warp__LC08_L1TP_062017_20180818_20180829_01_T1_B8_s_gauss_hp_warp_15.0_min_chip_64.0_max_chip_64.0_skip_rate_8-vy.tif,0.146484375,0.146484375,0.04653671659324807,0.09481050834347546,0.4908392266462367
LS8-20180802-20180818,32,4,NAOF,pyrUP,autoRIFT,/home/jovyan/Projects/PX_comparison/PX/autoRIFT/Landsat/LC08_L1TP_062017_20180802_20180814_01_T1_B8_s_naof2__LC08_L1TP_062017_20180818_20180829_01_T1_B8_s_naof2_min_min_chip_32.0_max_chip_32.0_skip_rate_4/LC08_L1TP_062017_20180802_20180814_01_T1_B8_s_naof2_warp__LC08_L1TP_062017_20180818_20180829_01_T1_B8_s_naof2_warp_15.0_min_chip_32.0_max_chip_32.0_skip_rate_4-vx.tif,/home/jovyan/Projects/PX_comparison/PX/autoRIFT/Landsat/LC08_L1TP_062017_20180802_20180814_01_T1_B8_s_naof2__LC08_L1TP_062017_20180818_20180829_01_T1_B8_s_naof2_min_min_chip_32.0_max_chip_32.0_skip_rate_4/LC08_L1TP_062017_20180802_20180814_01_T1_B8_s_naof2_warp__LC08_L1TP_062017_20180818_20180829_01_T1_B8_s_naof2_warp_15.0_min_chip_32.0_max_chip_32.0_skip_rate_4-vy.tif,0.087890625,0.1171875,0.07863364711138751,0.1443662009017143,0.5446818342537251
LS8-20180802-20180818,32,8,NAOF,pyrUP,autoRIFT,/home/jovyan/Projects/PX_comparison/PX/autoRIFT/Landsat/LC08_L1TP_062017_20180802_20180814_01_T1_B8_s_naof2__LC08_L1TP_062017_20180818_20180829_01_T1_B8_s_naof2_min_min_chip_32.0_max_chip_32.0_skip_rate_8/LC08_L1TP_062017_20180802_20180814_01_T1_B8_s_naof2_warp__LC08_L1TP_062017_20180818_20180829_01_T1_B8_s_naof2_warp_15.0_min_chip_32.0_max_chip_32.0_skip_rate_8-vx.tif,/home/jovyan/Projects/PX_comparison/PX/autoRIFT/Landsat/LC08_L1TP_062017_20180802_20180814_01_T1_B8_s_naof2__LC08_L1TP_062017_20180818_20180829_01_T1_B8_s_naof2_min_min_chip_32.0_max_chip_32.0_skip_rate_8/LC08_L1TP_062017_20180802_20180814_01_T1_B8_s_naof2_warp__LC08_L1TP_062017_20180818_20180829_01_T1_B8_s_naof2_warp_15.0_min_chip_32.0_max_chip_32.0_skip_rate_8-vy.tif,0.087890625,0.1171875,0.6118046766556231,0.27694190364536264,2.2091444761608496
LS8-20180802-20180818,64,4,NAOF,pyrUP,autoRIFT,/home/jovyan/Projects/PX_comparison/PX/autoRIFT/Landsat/LC08_L1TP_062017_20180802_20180814_01_T1_B8_s_naof2__LC08_L1TP_062017_20180818_20180829_01_T1_B8_s_naof2_min_min_chip_64.0_max_chip_64.0_skip_rate_4/LC08_L1TP_062017_20180802_20180814_01_T1_B8_s_naof2_warp__LC08_L1TP_062017_20180818_20180829_01_T1_B8_s_naof2_warp_15.0_min_chip_64.0_max_chip_64.0_skip_rate_4-vx.tif,/home/jovyan/Projects/PX_comparison/PX/autoRIFT/Landsat/LC08_L1TP_062017_20180802_20180814_01_T1_B8_s_naof2__LC08_L1TP_062017_20180818_20180829_01_T1_B8_s_naof2_min_min_chip_64.0_max_chip_64.0_skip_rate_4/LC08_L1TP_062017_20180802_20180814_01_T1_B8_s_naof2_warp__LC08_L1TP_062017_20180818_20180829_01_T1_B8_s_naof2_warp_15.0_min_chip_64.0_max_chip_64.0_skip_rate_4-vy.tif,0.05859375,0.05859375,0.03792886693604499,0.06619186920987975,0.5730139878023531
LS8-20180802-20180818,64,8,NAOF,pyrUP,autoRIFT,/home/jovyan/Projects/PX_comparison/PX/autoRIFT/Landsat/LC08_L1TP_062017_20180802_20180814_01_T1_B8_s_naof2__LC08_L1TP_062017_20180818_20180829_01_T1_B8_s_naof2_min_min_chip_64.0_max_chip_64.0_skip_rate_8/LC08_L1TP_062017_20180802_20180814_01_T1_B8_s_naof2_warp__LC08_L1TP_062017_20180818_20180829_01_T1_B8_s_naof2_warp_15.0_min_chip_64.0_max_chip_64.0_skip_rate_8-vx.tif,/home/jovyan/Projects/PX_comparison/PX/autoRIFT/Landsat/LC08_L1TP_062017_20180802_20180814_01_T1_B8_s_naof2__LC08_L1TP_062017_20180818_20180829_01_T1_B8_s_naof2_min_min_chip_64.0_max_chip_64.0_skip_rate_8/LC08_L1TP_062017_20180802_20180814_01_T1_B8_s_naof2_warp__LC08_L1TP_062017_20180818_20180829_01_T1_B8_s_naof2_warp_15.0_min_chip_64.0_max_chip_64.0_skip_rate_8-vy.tif,0.05859375,0.05859375,0.26216639805363057,0.2830940194149882,0.9260753674535251
Sen2-20180304-20180314,32,4,None,pyrUP,autoRIFT,/home/jovyan/Projects/PX_comparison/PX/autoRIFT/S2/T07VFH_20180304T204329_B04_s__T07VFH_20180314T204219_B04_s_min_min_chip_32.0_max_chip_32.0_skip_rate_4/T07VFH_20180304T204329_B04_s_warp__T07VFH_20180314T204219_B04_s_warp_10.0_min_chip_32.0_max_chip_32.0_skip_rate_4-vx.tif,/home/jovyan/Projects/PX_comparison/PX/autoRIFT/S2/T07VFH_20180304T204329_B04_s__T07VFH_20180314T204219_B04_s_min_min_chip_32.0_max_chip_32.0_skip_rate_4/T07VFH_20180304T204329_B04_s_warp__T07VFH_20180314T204219_B04_s_warp_10.0_min_chip_32.0_max_chip_32.0_skip_rate_4-vy.tif,1.406347632408142,1.4375998973846436,0.05594017473137739,0.07917969271971463,0.7064964867873132
Sen2-20180304-20180314,32,8,None,pyrUP,autoRIFT,/home/jovyan/Projects/PX_comparison/PX/autoRIFT/S2/T07VFH_20180304T204329_B04_s__T07VFH_20180314T204219_B04_s_min_min_chip_32.0_max_chip_32.0_skip_rate_8/T07VFH_20180304T204329_B04_s_warp__T07VFH_20180314T204219_B04_s_warp_10.0_min_chip_32.0_max_chip_32.0_skip_rate_8-vx.tif,/home/jovyan/Projects/PX_comparison/PX/autoRIFT/S2/T07VFH_20180304T204329_B04_s__T07VFH_20180314T204219_B04_s_min_min_chip_32.0_max_chip_32.0_skip_rate_8/T07VFH_20180304T204329_B04_s_warp__T07VFH_20180314T204219_B04_s_warp_10.0_min_chip_32.0_max_chip_32.0_skip_rate_8-vy.tif,1.0313215255737305,1.1250780820846558,0.062455763324989005,0.12609356732056698,0.49531284309062384
Sen2-20180304-20180314,64,4,None,pyrUP,autoRIFT,/home/jovyan/Projects/PX_comparison/PX/autoRIFT/S2/T07VFH_20180304T204329_B04_s__T07VFH_20180314T204219_B04_s_min_min_chip_64.0_max_chip_64.0_skip_rate_4/T07VFH_20180304T204329_B04_s_warp__T07VFH_20180314T204219_B04_s_warp_10.0_min_chip_64.0_max_chip_64.0_skip_rate_4-vx.tif,/home/jovyan/Projects/PX_comparison/PX/autoRIFT/S2/T07VFH_20180304T204329_B04_s__T07VFH_20180314T204219_B04_s_min_min_chip_64.0_max_chip_64.0_skip_rate_4/T07VFH_20180304T204329_B04_s_warp__T07VFH_20180314T204219_B04_s_warp_10.0_min_chip_64.0_max_chip_64.0_skip_rate_4-vy.tif,1.5001041889190674,1.3125910758972168,0.05313790512108004,0.07283195704452344,0.7295960080901838
Sen2-20180304-20180314,64,8,None,pyrUP,autoRIFT,/home/jovyan/Projects/PX_comparison/PX/autoRIFT/S2/T07VFH_20180304T204329_B04_s__T07VFH_20180314T204219_B04_s_min_min_chip_64.0_max_chip_64.0_skip_rate_8/T07VFH_20180304T204329_B04_s_warp__T07VFH_20180314T204219_B04_s_warp_10.0_min_chip_64.0_max_chip_64.0_skip_rate_8-vx.tif,/home/jovyan/Projects/PX_comparison/PX/autoRIFT/S2/T07VFH_20180304T204329_B04_s__T07VFH_20180314T204219_B04_s_min_min_chip_64.0_max_chip_64.0_skip_rate_8/T07VFH_20180304T204329_B04_s_warp__T07VFH_20180314T204219_B04_s_warp_10.0_min_chip_64.0_max_chip_64.0_skip_rate_8-vy.tif,1.250086784362793,1.218834638595581,0.05533360362867172,0.08637442239149828,0.6406248759368622
Sen2-20180304-20180314,32,4,Gau,pyrUP,autoRIFT,/home/jovyan/Projects/PX_comparison/PX/autoRIFT/S2/T07VFH_20180304T204329_B04_s_gauss_hp__T07VFH_20180314T204219_B04_s_gauss_hp_min_min_chip_32.0_max_chip_32.0_skip_rate_4/T07VFH_20180304T204329_B04_s_gauss_hp_warp__T07VFH_20180314T204219_B04_s_gauss_hp_warp_10.0_min_chip_32.0_max_chip_32.0_skip_rate_4-vx.tif,/home/jovyan/Projects/PX_comparison/PX/autoRIFT/S2/T07VFH_20180304T204329_B04_s_gauss_hp__T07VFH_20180314T204219_B04_s_gauss_hp_min_min_chip_32.0_max_chip_32.0_skip_rate_4/T07VFH_20180304T204329_B04_s_gauss_hp_warp__T07VFH_20180314T204219_B04_s_gauss_hp_warp_10.0_min_chip_32.0_max_chip_32.0_skip_rate_4-vy.tif,1.1250782012939453,1.1250780820846558,0.055022109456631794,0.07649200608564793,0.7193184264905231
Sen2-20180304-20180314,32,8,Gau,pyrUP,autoRIFT,/home/jovyan/Projects/PX_comparison/PX/autoRIFT/S2/T07VFH_20180304T204329_B04_s_gauss_hp__T07VFH_20180314T204219_B04_s_gauss_hp_min_min_chip_32.0_max_chip_32.0_skip_rate_8/T07VFH_20180304T204329_B04_s_gauss_hp_warp__T07VFH_20180314T204219_B04_s_gauss_hp_warp_10.0_min_chip_32.0_max_chip_32.0_skip_rate_8-vx.tif,/home/jovyan/Projects/PX_comparison/PX/autoRIFT/S2/T07VFH_20180304T204329_B04_s_gauss_hp__T07VFH_20180314T204219_B04_s_gauss_hp_min_min_chip_32.0_max_chip_32.0_skip_rate_8/T07VFH_20180304T204329_B04_s_gauss_hp_warp__T07VFH_20180314T204219_B04_s_gauss_hp_warp_10.0_min_chip_32.0_max_chip_32.0_skip_rate_8-vy.tif,0.7500520944595337,0.8438085317611694,0.06170119533461992,0.12949081893527567,0.4764908882494633
Sen2-20180304-20180314,64,4,Gau,pyrUP,autoRIFT,/home/jovyan/Projects/PX_comparison/PX/autoRIFT/S2/T07VFH_20180304T204329_B04_s_gauss_hp__T07VFH_20180314T204219_B04_s_gauss_hp_min_min_chip_64.0_max_chip_64.0_skip_rate_4/T07VFH_20180304T204329_B04_s_gauss_hp_warp__T07VFH_20180314T204219_B04_s_gauss_hp_warp_10.0_min_chip_64.0_max_chip_64.0_skip_rate_4-vx.tif,/home/jovyan/Projects/PX_comparison/PX/autoRIFT/S2/T07VFH_20180304T204329_B04_s_gauss_hp__T07VFH_20180314T204219_B04_s_gauss_hp_min_min_chip_64.0_max_chip_64.0_skip_rate_4/T07VFH_20180304T204329_B04_s_gauss_hp_warp__T07VFH_20180314T204219_B04_s_gauss_hp_warp_10.0_min_chip_64.0_max_chip_64.0_skip_rate_4-vy.tif,0.8438085913658142,0.7813042402267456,0.04929361146539501,0.07141207544637541,0.6902699740523639
Sen2-20180304-20180314,64,8,Gau,pyrUP,autoRIFT,/home/jovyan/Projects/PX_comparison/PX/autoRIFT/S2/T07VFH_20180304T204329_B04_s_gauss_hp__T07VFH_20180314T204219_B04_s_gauss_hp_min_min_chip_64.0_max_chip_64.0_skip_rate_8/T07VFH_20180304T204329_B04_s_gauss_hp_warp__T07VFH_20180314T204219_B04_s_gauss_hp_warp_10.0_min_chip_64.0_max_chip_64.0_skip_rate_8-vx.tif,/home/jovyan/Projects/PX_comparison/PX/autoRIFT/S2/T07VFH_20180304T204329_B04_s_gauss_hp__T07VFH_20180314T204219_B04_s_gauss_hp_min_min_chip_64.0_max_chip_64.0_skip_rate_8/T07VFH_20180304T204329_B04_s_gauss_hp_warp__T07VFH_20180314T204219_B04_s_gauss_hp_warp_10.0_min_chip_64.0_max_chip_64.0_skip_rate_8-vy.tif,0.5937912464141846,0.6250433921813965,0.052317346979841625,0.09172628625072748,0.5703637323420656
Sen2-20180304-20180314,32,4,NAOF,pyrUP,autoRIFT,/home/jovyan/Projects/PX_comparison/PX/autoRIFT/S2/T07VFH_20180304T204329_B04_s_naof2__T07VFH_20180314T204219_B04_s_naof2_min_min_chip_32.0_max_chip_32.0_skip_rate_4/T07VFH_20180304T204329_B04_s_naof2_warp__T07VFH_20180314T204219_B04_s_naof2_warp_10.0_min_chip_32.0_max_chip_32.0_skip_rate_4-vx.tif,/home/jovyan/Projects/PX_comparison/PX/autoRIFT/S2/T07VFH_20180304T204329_B04_s_naof2__T07VFH_20180314T204219_B04_s_naof2_min_min_chip_32.0_max_chip_32.0_skip_rate_4/T07VFH_20180304T204329_B04_s_naof2_warp__T07VFH_20180314T204219_B04_s_naof2_warp_10.0_min_chip_32.0_max_chip_32.0_skip_rate_4-vy.tif,0.31252169609069824,0.37502601742744446,0.06648603558419006,0.11168445750552373,0.5953024894345909
Sen2-20180304-20180314,32,8,NAOF,pyrUP,autoRIFT,/home/jovyan/Projects/PX_comparison/PX/autoRIFT/S2/T07VFH_20180304T204329_B04_s_naof2__T07VFH_20180314T204219_B04_s_naof2_min_min_chip_32.0_max_chip_32.0_skip_rate_8/T07VFH_20180304T204329_B04_s_naof2_warp__T07VFH_20180314T204219_B04_s_naof2_warp_10.0_min_chip_32.0_max_chip_32.0_skip_rate_8-vx.tif,/home/jovyan/Projects/PX_comparison/PX/autoRIFT/S2/T07VFH_20180304T204329_B04_s_naof2__T07VFH_20180314T204219_B04_s_naof2_min_min_chip_32.0_max_chip_32.0_skip_rate_8/T07VFH_20180304T204329_B04_s_naof2_warp__T07VFH_20180314T204219_B04_s_naof2_warp_10.0_min_chip_32.0_max_chip_32.0_skip_rate_8-vy.tif,0.25001734495162964,0.3281477689743042,0.3661604329678734,0.8003387062319299,0.4575068406872275
Sen2-20180304-20180314,64,4,NAOF,pyrUP,autoRIFT,/home/jovyan/Projects/PX_comparison/PX/autoRIFT/S2/T07VFH_20180304T204329_B04_s_naof2__T07VFH_20180314T204219_B04_s_naof2_min_min_chip_64.0_max_chip_64.0_skip_rate_4/T07VFH_20180304T204329_B04_s_naof2_warp__T07VFH_20180314T204219_B04_s_naof2_warp_10.0_min_chip_64.0_max_chip_64.0_skip_rate_4-vx.tif,/home/jovyan/Projects/PX_comparison/PX/autoRIFT/S2/T07VFH_20180304T204329_B04_s_naof2__T07VFH_20180314T204219_B04_s_naof2_min_min_chip_64.0_max_chip_64.0_skip_rate_4/T07VFH_20180304T204329_B04_s_naof2_warp__T07VFH_20180314T204219_B04_s_naof2_warp_10.0_min_chip_64.0_max_chip_64.0_skip_rate_4-vy.tif,0.12500867247581482,0.25001734495162964,0.07187083413404888,0.10943718029190554,0.6567314137877579
Sen2-20180304-20180314,64,8,NAOF,pyrUP,autoRIFT,/home/jovyan/Projects/PX_comparison/PX/autoRIFT/S2/T07VFH_20180304T204329_B04_s_naof2__T07VFH_20180314T204219_B04_s_naof2_min_min_chip_64.0_max_chip_64.0_skip_rate_8/T07VFH_20180304T204329_B04_s_naof2_warp__T07VFH_20180314T204219_B04_s_naof2_warp_10.0_min_chip_64.0_max_chip_64.0_skip_rate_8-vx.tif,/home/jovyan/Projects/PX_comparison/PX/autoRIFT/S2/T07VFH_20180304T204329_B04_s_naof2__T07VFH_20180314T204219_B04_s_naof2_min_min_chip_64.0_max_chip_64.0_skip_rate_8/T07VFH_20180304T204329_B04_s_naof2_warp__T07VFH_20180314T204219_B04_s_naof2_warp_10.0_min_chip_64.0_max_chip_64.0_skip_rate_8-vy.tif,0.15626084804534912,0.25001734495162964,0.41782410182346613,0.8478951949662481,0.4927780040552044
Sen2-20180508-20180627,32,4,None,pyrUP,autoRIFT,/home/jovyan/Projects/PX_comparison/PX/autoRIFT/S2/T07VFH_20180508T204021_B04_s__T07VFH_20180627T204021_B04_s_min_min_chip_32.0_max_chip_32.0_skip_rate_4/T07VFH_20180508T204021_B04_s_warp__T07VFH_20180627T204021_B04_s_warp_10.0_min_chip_32.0_max_chip_32.0_skip_rate_4-vx.tif,/home/jovyan/Projects/PX_comparison/PX/autoRIFT/S2/T07VFH_20180508T204021_B04_s__T07VFH_20180627T204021_B04_s_min_min_chip_32.0_max_chip_32.0_skip_rate_4/T07VFH_20180508T204021_B04_s_warp__T07VFH_20180627T204021_B04_s_warp_10.0_min_chip_32.0_max_chip_32.0_skip_rate_4-vy.tif,2.9937500953674316,2.9937500953674316,0.10864807162853464,0.24534907605377068,0.4428305717553358
Sen2-20180508-20180627,32,8,None,pyrUP,autoRIFT,/home/jovyan/Projects/PX_comparison/PX/autoRIFT/S2/T07VFH_20180508T204021_B04_s__T07VFH_20180627T204021_B04_s_min_min_chip_32.0_max_chip_32.0_skip_rate_8/T07VFH_20180508T204021_B04_s_warp__T07VFH_20180627T204021_B04_s_warp_10.0_min_chip_32.0_max_chip_32.0_skip_rate_8-vx.tif,/home/jovyan/Projects/PX_comparison/PX/autoRIFT/S2/T07VFH_20180508T204021_B04_s__T07VFH_20180627T204021_B04_s_min_min_chip_32.0_max_chip_32.0_skip_rate_8/T07VFH_20180508T204021_B04_s_warp__T07VFH_20180627T204021_B04_s_warp_10.0_min_chip_32.0_max_chip_32.0_skip_rate_8-vy.tif,0.612500011920929,0.8875000476837158,0.16884948324901017,0.43863303716325286,0.3849447463898321
Sen2-20180508-20180627,64,4,None,pyrUP,autoRIFT,/home/jovyan/Projects/PX_comparison/PX/autoRIFT/S2/T07VFH_20180508T204021_B04_s__T07VFH_20180627T204021_B04_s_min_min_chip_64.0_max_chip_64.0_skip_rate_4/T07VFH_20180508T204021_B04_s_warp__T07VFH_20180627T204021_B04_s_warp_10.0_min_chip_64.0_max_chip_64.0_skip_rate_4-vx.tif,/home/jovyan/Projects/PX_comparison/PX/autoRIFT/S2/T07VFH_20180508T204021_B04_s__T07VFH_20180627T204021_B04_s_min_min_chip_64.0_max_chip_64.0_skip_rate_4/T07VFH_20180508T204021_B04_s_warp__T07VFH_20180627T204021_B04_s_warp_10.0_min_chip_64.0_max_chip_64.0_skip_rate_4-vy.tif,2.9937500953674316,2.9937500953674316,0.09663526727304657,0.2213288317881575,0.436614003211023
Sen2-20180508-20180627,64,8,None,pyrUP,autoRIFT,/home/jovyan/Projects/PX_comparison/PX/autoRIFT/S2/T07VFH_20180508T204021_B04_s__T07VFH_20180627T204021_B04_s_min_min_chip_64.0_max_chip_64.0_skip_rate_8/T07VFH_20180508T204021_B04_s_warp__T07VFH_20180627T204021_B04_s_warp_10.0_min_chip_64.0_max_chip_64.0_skip_rate_8-vx.tif,/home/jovyan/Projects/PX_comparison/PX/autoRIFT/S2/T07VFH_20180508T204021_B04_s__T07VFH_20180627T204021_B04_s_min_min_chip_64.0_max_chip_64.0_skip_rate_8/T07VFH_20180508T204021_B04_s_warp__T07VFH_20180627T204021_B04_s_warp_10.0_min_chip_64.0_max_chip_64.0_skip_rate_8-vy.tif,2.9937500953674316,2.9937500953674316,0.10332856981700639,0.2786739760551664,0.3707865774899319
Sen2-20180508-20180627,32,4,Gau,pyrUP,autoRIFT,/home/jovyan/Projects/PX_comparison/PX/autoRIFT/S2/T07VFH_20180508T204021_B04_s_gauss_hp__T07VFH_20180627T204021_B04_s_gauss_hp_min_min_chip_32.0_max_chip_32.0_skip_rate_4/T07VFH_20180508T204021_B04_s_gauss_hp_warp__T07VFH_20180627T204021_B04_s_gauss_hp_warp_10.0_min_chip_32.0_max_chip_32.0_skip_rate_4-vx.tif,/home/jovyan/Projects/PX_comparison/PX/autoRIFT/S2/T07VFH_20180508T204021_B04_s_gauss_hp__T07VFH_20180627T204021_B04_s_gauss_hp_min_min_chip_32.0_max_chip_32.0_skip_rate_4/T07VFH_20180508T204021_B04_s_gauss_hp_warp__T07VFH_20180627T204021_B04_s_gauss_hp_warp_10.0_min_chip_32.0_max_chip_32.0_skip_rate_4-vy.tif,0.6000000238418579,0.90625,0.13367428655479902,0.2793562055205734,0.47850838432495274
Sen2-20180508-20180627,32,8,Gau,pyrUP,autoRIFT,/home/jovyan/Projects/PX_comparison/PX/autoRIFT/S2/T07VFH_20180508T204021_B04_s_gauss_hp__T07VFH_20180627T204021_B04_s_gauss_hp_min_min_chip_32.0_max_chip_32.0_skip_rate_8/T07VFH_20180508T204021_B04_s_gauss_hp_warp__T07VFH_20180627T204021_B04_s_gauss_hp_warp_10.0_min_chip_32.0_max_chip_32.0_skip_rate_8-vx.tif,/home/jovyan/Projects/PX_comparison/PX/autoRIFT/S2/T07VFH_20180508T204021_B04_s_gauss_hp__T07VFH_20180627T204021_B04_s_gauss_hp_min_min_chip_32.0_max_chip_32.0_skip_rate_8/T07VFH_20180508T204021_B04_s_gauss_hp_warp__T07VFH_20180627T204021_B04_s_gauss_hp_warp_10.0_min_chip_32.0_max_chip_32.0_skip_rate_8-vy.tif,0.38749998807907104,0.5750000476837158,0.21495319375328534,0.4701402431140003,0.4572107938038462
Sen2-20180508-20180627,64,4,Gau,pyrUP,autoRIFT,/home/jovyan/Projects/PX_comparison/PX/autoRIFT/S2/T07VFH_20180508T204021_B04_s_gauss_hp__T07VFH_20180627T204021_B04_s_gauss_hp_min_min_chip_64.0_max_chip_64.0_skip_rate_4/T07VFH_20180508T204021_B04_s_gauss_hp_warp__T07VFH_20180627T204021_B04_s_gauss_hp_warp_10.0_min_chip_64.0_max_chip_64.0_skip_rate_4-vx.tif,/home/jovyan/Projects/PX_comparison/PX/autoRIFT/S2/T07VFH_20180508T204021_B04_s_gauss_hp__T07VFH_20180627T204021_B04_s_gauss_hp_min_min_chip_64.0_max_chip_64.0_skip_rate_4/T07VFH_20180508T204021_B04_s_gauss_hp_warp__T07VFH_20180627T204021_B04_s_gauss_hp_warp_10.0_min_chip_64.0_max_chip_64.0_skip_rate_4-vy.tif,0.3999999761581421,0.71875,0.13265742016082108,0.27843808389853797,0.4764341799204489
Sen2-20180508-20180627,64,8,Gau,pyrUP,autoRIFT,/home/jovyan/Projects/PX_comparison/PX/autoRIFT/S2/T07VFH_20180508T204021_B04_s_gauss_hp__T07VFH_20180627T204021_B04_s_gauss_hp_min_min_chip_64.0_max_chip_64.0_skip_rate_8/T07VFH_20180508T204021_B04_s_gauss_hp_warp__T07VFH_20180627T204021_B04_s_gauss_hp_warp_10.0_min_chip_64.0_max_chip_64.0_skip_rate_8-vx.tif,/home/jovyan/Projects/PX_comparison/PX/autoRIFT/S2/T07VFH_20180508T204021_B04_s_gauss_hp__T07VFH_20180627T204021_B04_s_gauss_hp_min_min_chip_64.0_max_chip_64.0_skip_rate_8/T07VFH_20180508T204021_B04_s_gauss_hp_warp__T07VFH_20180627T204021_B04_s_gauss_hp_warp_10.0_min_chip_64.0_max_chip_64.0_skip_rate_8-vy.tif,0.33125001192092896,0.53125,0.15760919873237936,0.3327143712349554,0.4737072166356147
Sen2-20180508-20180627,32,4,NAOF,pyrUP,autoRIFT,/home/jovyan/Projects/PX_comparison/PX/autoRIFT/S2/T07VFH_20180508T204021_B04_s_naof2__T07VFH_20180627T204021_B04_s_naof2_min_min_chip_32.0_max_chip_32.0_skip_rate_4/T07VFH_20180508T204021_B04_s_naof2_warp__T07VFH_20180627T204021_B04_s_naof2_warp_10.0_min_chip_32.0_max_chip_32.0_skip_rate_4-vx.tif,/home/jovyan/Projects/PX_comparison/PX/autoRIFT/S2/T07VFH_20180508T204021_B04_s_naof2__T07VFH_20180627T204021_B04_s_naof2_min_min_chip_32.0_max_chip_32.0_skip_rate_4/T07VFH_20180508T204021_B04_s_naof2_warp__T07VFH_20180627T204021_B04_s_naof2_warp_10.0_min_chip_32.0_max_chip_32.0_skip_rate_4-vy.tif,0.2562499940395355,0.3374999761581421,0.18708346203550627,0.3905031987969051,0.4790830462129085
Sen2-20180508-20180627,32,8,NAOF,pyrUP,autoRIFT,/home/jovyan/Projects/PX_comparison/PX/autoRIFT/S2/T07VFH_20180508T204021_B04_s_naof2__T07VFH_20180627T204021_B04_s_naof2_min_min_chip_32.0_max_chip_32.0_skip_rate_8/T07VFH_20180508T204021_B04_s_naof2_warp__T07VFH_20180627T204021_B04_s_naof2_warp_10.0_min_chip_32.0_max_chip_32.0_skip_rate_8-vx.tif,/home/jovyan/Projects/PX_comparison/PX/autoRIFT/S2/T07VFH_20180508T204021_B04_s_naof2__T07VFH_20180627T204021_B04_s_naof2_min_min_chip_32.0_max_chip_32.0_skip_rate_8/T07VFH_20180508T204021_B04_s_naof2_warp__T07VFH_20180627T204021_B04_s_naof2_warp_10.0_min_chip_32.0_max_chip_32.0_skip_rate_8-vy.tif,0.16249999403953552,0.24687500298023224,0.6872760424471992,1.2286516484977683,0.5593742077239784
Sen2-20180508-20180627,64,4,NAOF,pyrUP,autoRIFT,/home/jovyan/Projects/PX_comparison/PX/autoRIFT/S2/T07VFH_20180508T204021_B04_s_naof2__T07VFH_20180627T204021_B04_s_naof2_min_min_chip_64.0_max_chip_64.0_skip_rate_4/T07VFH_20180508T204021_B04_s_naof2_warp__T07VFH_20180627T204021_B04_s_naof2_warp_10.0_min_chip_64.0_max_chip_64.0_skip_rate_4-vx.tif,/home/jovyan/Projects/PX_comparison/PX/autoRIFT/S2/T07VFH_20180508T204021_B04_s_naof2__T07VFH_20180627T204021_B04_s_naof2_min_min_chip_64.0_max_chip_64.0_skip_rate_4/T07VFH_20180508T204021_B04_s_naof2_warp__T07VFH_20180627T204021_B04_s_naof2_warp_10.0_min_chip_64.0_max_chip_64.0_skip_rate_4-vy.tif,0.16875000298023224,0.25,0.17688152982057523,0.3744389532922634,0.4723908350489183
Sen2-20180508-20180627,64,8,NAOF,pyrUP,autoRIFT,/home/jovyan/Projects/PX_comparison/PX/autoRIFT/S2/T07VFH_20180508T204021_B04_s_naof2__T07VFH_20180627T204021_B04_s_naof2_min_min_chip_64.0_max_chip_64.0_skip_rate_8/T07VFH_20180508T204021_B04_s_naof2_warp__T07VFH_20180627T204021_B04_s_naof2_warp_10.0_min_chip_64.0_max_chip_64.0_skip_rate_8-vx.tif,/home/jovyan/Projects/PX_comparison/PX/autoRIFT/S2/T07VFH_20180508T204021_B04_s_naof2__T07VFH_20180627T204021_B04_s_naof2_min_min_chip_64.0_max_chip_64.0_skip_rate_8/T07VFH_20180508T204021_B04_s_naof2_warp__T07VFH_20180627T204021_B04_s_naof2_warp_10.0_min_chip_64.0_max_chip_64.0_skip_rate_8-vy.tif,0.140625,0.21875,0.34574612002169486,0.5982839306147273,0.5778963838564847
